title,link,content,press,date
"뉴욕증시,AI주식 고평가 논란에 투자심리 냉랭…다우 1%↓(종합)",https://n.news.naver.com/mnews/article/001/0015750258?sid=101,"엔비디아 실적공개 하루 앞두고 2.8%↓…홈디포, 실적전망 하향에 6% 급락
뉴욕증권거래소의 트레이더
[AFP 연합뉴스 자료사진. 재판매 및 DB 금지]
(뉴욕=연합뉴스) 이지헌 특파원 = 인공지능(AI) 관련 기업 주가가 고평가됐다는 논란이 지속되는 가운데 뉴욕증시가 18일(현지시간) 하락했다.
이날 뉴욕증시에서 다우존스30 산업평균지수는 전장보다 498.50포인트(-1.07%) 내린 46,091.74에 거래를 마쳤다.
스탠더드앤드푸어스(S&P) 500 지수는 전장보다 55.09포인트(-0.83%) 내린 6,617.32에, 기술주 중심의 나스닥 종합지수는 전장보다 275.23포인트(-1.21%) 내린 22,432.85에 각각 마감했다.
이날 하락으로 뉴욕증시는 S&P 500 지수 기준으로 4거래일 연속 약세 흐름을 지속했다.
AI 관련주 고평가 논란이 해소되지 않는 가운데 미 연방준비제도(Fed·연준)가 12월 기준금리를 동결할 수 있다는 전망이 확산한 이후 기술주를 중심으로 약세 흐름이 지속되고 있다.
이날 뉴욕증시 개장 전 비트코인 가격이 장중 9만달러선을 밑돈 것도 투자심리를 추가로 냉각시켰다.
AI 대장주로 꼽히는 엔비디아가 2.81% 하락했고, 마이크로소프트(MS·-2.70%), 아마존(-4.43%) 등 다른 주요 빅테크(대형 기술기업)도 낙폭이 컸다. 엔비디아는 19일 뉴욕증시 마감 후 실적을 공개한다.
페이스북 모회사 메타(-0.72%)는 미국 규제 당국이 제기한 반독점 소송에서 승소, 오전 낙폭을 줄였지만 상승 전환하는 데는 실패했다.
AMD(-4.25%), 마이크론(-5.56%) 등 주요 반도체 종목도 크게 하락했다.
오픈AI의 경쟁사인 엔트로픽은 MS와 전략적 파트너십을 체결하고 300억 달러(약 44조원) 상당의 MS의 클라우드 서비스를 구매한다고 발표했지만 AI 종목 관련 투자심리를 되살리기에는 역부족이었다.
대형 유통체인 홈디포는 연간 실적전망을 하향 조정하면서 6.02% 급락했고, 이번주 실적 발표를 앞둔 월마트(-1.52%) 등 다른 대형 유통사도 약세를 보였다.
이날 챗GPT와 엑스(X·옛 트위터) 등 다수 사이트에 접속 장애를 초래한 원인으로 지목된 웹 인프라 기업 클라우드 플레어는 2.83% 하락했다.
도널드 트럼프 미 대통령 일가가 소유한 트루스소셜의 모기업 트럼프 미디어는 이날까지 6거래일 연속 약세 흐름을 보이며 주가가 10.73달러로 하락, 최저치 기록을 경신했다.
투자자들은 19일 엔비디아 실적 발표에 이어 20일 예정된 9월 고용 보고서 발표를 대기하며 향후 투자심리 향방을 가늠하고 있다.
자산관리 서비스 업체 임파워의 마타 노턴 투자전략가는 ""실적발표 기간을 맞아 기업들이 대체로 호실적을 발표하고 있는 가운데 상당한 투자심리 재조정을 맞이하고 있다""라며 ""여전히 시장에 공포 심리가 감도는 분위기""라고 말했다.
pan@yna.co.kr",연합뉴스,5시간 전
"한·UAE, ‘100년 동행’ 공동선언…AI·방산 협력 명시",https://n.news.naver.com/mnews/article/056/0012069111?sid=100,"이재명 대통령과 무함마드 빈 자이드 알 나흐얀 아랍에미리트(UAE) 대통령은 현지시간 18일 아부다비에서 정상회담을 갖고 ‘한국과 UAE 100년 동행을 위한 새로운 도약’이란 명칭의 공동선언문을 채택했습니다.
양 정상은 선언문에서 한국과 UAE가 원전 협력·아크부대 파견 등으로 협력 관계의 중요한 이정표를 세웠다는 데 공감대를 이뤘고 우주산업 협력을 통해서도 중요한 성과를 거둬왔음을 재확인했습니다.
또 이 과정에서 쌓인 신뢰와 상호 존중, 연대 정신을 토대로 양국의 특별전략적 동반자 관계를 불가역적인 수준으로 심화시키기로 했다고 밝혔습니다.
산업 분야별로 구체적인 협력 방안에도 합의했습니다.
원전 산업에 있어서는 한국이 수주한 UAE 원전인 바라카 원전의 사례가 거론됐는데, 양 정상은 ‘바라카 모델’을 확장해 글로벌 시장 공동 진출을 모색하기로 했습니다.
이와 함께 ‘포괄적 전략 에너지 파트너십’ 아래 인공지능(AI) 기반 원전 효율 향상 및 인력 양성 등에도 협력하기로 했습니다.
미래 산업인 인공지능(AI) 분야에서는 AI 데이터센터 공동 설립·운영, ‘글로벌 AI 스마트 항만 프로젝트’ 등을 검토하기로 했습니다.
국방 및 방산 분야의 경우 단순한 무기 판매를 넘어 공동개발 및 현지생산 등으로 협력을 심화하기로 했습니다.
제약과 디지털 의료기기, 재생의료 분야 공동 연구·투자 촉진을 위한 ‘K 메디컬 클러스터’ 설립 논의를 진행하는 등의 보건의료 협력 방안도 선언문에 담겼습니다.
한·UAE 양국의 교육·문화·인적 교류 확대에 대한 논의도 포함됐습니다.
양국은 청년 인턴십 프로그램 등으로 차세대 인재들의 교류를 확대하기로 했고 UAE를 문화·관광의 허브로 삼아 두 나라 국민의 교류와 유대를 강화하기로 했습니다.
이를 위해 UAE 내에 K-컬처, K-푸드 등 한류 산업의 거점이 될 수 있는 ‘K 시티’를 조성하고 협력 사업을 적극 발굴기로 했습니다.
이 밖에도 양 정상은 내년 UAE와 세네갈이 공동 주최하는 ‘UN 물 회의’를 두 나라의 물 기술·혁신 성과를 확대할 기회로 평가하고 협력 강화를 약속했습니다.
이를 위해 양국 고위급 인사들이 정기적으로 소통하며 공동 프로젝트를 발굴하고, 외교부 내에 별도의 태스크포스(TF)를 설치해 합의 이행 상황을 점검할 계획입니다.
한·UAE 정상은 미래 세대를 위한 평화와 번영의 유산을 함께 만들어가기로 뜻을 모으고 자주 만나 양국의 특별전략적 동반자 관계를 심화하기 위한 소통을 하기로 뜻을 모았습니다.
앞서 아랍에미리트를 국빈 방문 중인 이재명 대통령은 어제 대통령궁에서 무함마드 UAE 대통령과 약 57분간 정상회담을 가졌습니다.
[사진 출처 : 연합뉴스]
■ 제보하기
▷ 전화 : 02-781-1234, 4444
▷ 이메일 : kbs1234@kbs.co.kr
▷ 카카오톡 : 'KBS제보' 검색, 채널 추가
▷ 네이버, 유튜브에서 KBS뉴스를 구독해주세요!",KBS,4시간 전
"韓-UAE, MOU 7건 체결…AI·원자력 기술 협력 포함",https://n.news.naver.com/mnews/article/020/0003675388?sid=100,"아랍에미리트(UAE)를 국빈 방문 중인 이재명 대통령이 18일(현지시간) 아부다비 대통령궁에서 무함마드 빈 자예드 알 나흐얀 UAE 대통령과 한-UAE 확대회담을 하고 있다. 2025.11.18 아부다비=송은석 기자 silverstone@donga.com
한국과 아랍에미리트(UAE)는 18일(현지 시간) 정상회담을 계기로 방위산업과 인공지능(AI) 분야 등에서 협력하기 위한 7건의 양해각서(MOU)를 체결했다.
이재명 대통령과 무함마드 빈 자이드 알 나흐얀 UAE 대통령은 이날 UAE 대통령궁인 ‘카스르 알 와탄’에서 한-UAE MOU 교환식을 가졌다.
양국은 ‘원자력 신기술·AI 및 글로벌 시장 협력 파트너십 MOU’를 체결했으며, 한국전력공사 사장과 UAE 원자력공사(ENEC) 사장이 각각 문서에 서명했다.
또 ‘전략적 AI 협력 프레임워크’, ‘AI 분야 협력에 관한 MOU’ 체결도 이뤄졌다.
아랍에미리트(UAE)를 국빈 방문 중인 이재명 대통령이 18일(현지시간) 아부다비 대통령궁에서 무함마드 빈 자예드 알 나흐얀 UAE 대통령과 한-UAE 확대회담을 하고 있다. 2025.11.18 아부다비=송은석 기자 silverstone@donga.com
아울러 ‘바이오헬스 분야 포괄적 협력에 관한 MOU’와 ‘지식재산분야에서의 심화 협력에 관한 MOU’도 체결했다.
이 대통령이 이날 공개된 UAE 신문 ‘알 이티하드’와의 서면 인터뷰를 통해 위성 공동 개발 및 위성항법 지상국 구축 등 우주 분야 협력을 강조한 가운데, ‘우주협력에 관한 MOU’도 체결됐다.
양국이 지난해 체결한 포괄적경제동반자협정(CEPA)과 관련해 ‘CEPA 경제협력위원회 행정 및 운영 MOU’도 채택됐다.",동아일보,17시간 전
"'AI왕좌' 굳히는 구글, 제미나이3 전격 공개",https://n.news.naver.com/mnews/article/011/0004557456?sid=105,"그록4에 성능 압도적 우세
검색·클라우드 전면 도입
[서울경제]
구글이 역대 최고 성능 인공지능(AI)인 제미나이3을 깜짝 공개했다. 가장 어려운 AI 성능평가에서 그록4·GPT-5를 압도적으로 따돌려 구글의 AI 역량을 입증했다는 평가다. 구글은 제미나이3을 AI 검색에 즉각 도입해 검색 시장에서 오픈AI, 퍼플렉시티 등 도전자를 따돌리겠다는 의지도 확고히했다.
구글은 18일(현지 시간) 최신 AI 모델 제미나이3를 공개했다. 통상 12월 초 신모델을 공개하던 일정에서 한 발 빨리 최신 모델을 선보인 것이다. 순다 피차이 구글 최고경영자(CEO)는 “제미나이3는 아이디어 속 미묘한 단서를 포착하고 전례 없는 수준의 깊이와 뉘앙스를 이해할 수 있도록 설계된 최신 추론 모델로 최소한의 프롬프트로 원하는 결과를 얻을 수 있다”며 “제미나이3를 ‘구글 스케일’로 검색, 앱, 클라우드 등에 전면 도입하겠다”고 밝혔다.
제미나이3는 지표상에서 기존 모든 AI를 압도한다. 가장 어려운 AI 성능평가로 불리는 ‘인류의 마지막 시험(Humanity’s Last Exam)에서 외부 도구 도움 없이 제미나이3 프로가 37.5%, 고급 추론 모델인 제미나이3 딥싱크가 41%를 기록했다. 기존 최고 기록은 xAI 그록4와 오픈AI GPT-5의 각각 25.4%, 25.3%였다. 기존 구글 최고 성능 모델인 제미나이2.5 프로는 21.6%를 기록하는 데 그쳤다. 전 세대 최고 성능 모델보다 15%포인트 이상 높은 수치다.
구글은 AI 검색에 제미나이3를 즉각 도입하는 승부수도 띄웠다. AI 모드에 제미나이3 모델이 적용돼 한층 수준 높은 AI 검색 경험을 제공한다. 오픈AI, 퍼플렉시티가 AI를 바탕으로 구글 본진인 검색 시장을 노리는 데 대한 대답이다.
사용성 면에서도 개선이 크다. 최고 가격 요금제인 제미나이 울트라 가입자는 ‘제미나이 에이전트’를 사용할 수 있다. AI 에이전트로 쇼핑, 메일함 정리, 여행 계획과 결제가 자동화된다. 사용자경험(UX) 측면에서도 ‘생성형 UX’가 적용됐다. “내년 여름 3일간 로마 여행 계획을 짜줘”라고 요청하면 즉각 상호작용 가능한 시각적 여행 일정표가 만들어진다. “각 작품의 시대적 배경 설명과 함께 반 고흐 갤러리를 소개해 줘""라고 요청하면 탭하고 스크롤하며 학습할 수 있는 대화형 답변이 나온다.
AI가 가장 활발히 사용되는 프로그래밍 영역에서도 최고 수준 바이브 코딩 역량을 갖췄다. 구글은 제미나이3와 함께 새 AI 에이전트 개발 플랫폼 ‘안티그래비티’를 내놓고 개발자 시장 공략에 속도를 붙일 계획이다. 피차이 CEO는 “구글은 새 장을 열어 지능, 에이전트, 개인화의 한계를 지속적으로 확장해 나가 모든 사람에게 진정으로 유용한 AI를 만들겠다”고 강조했다.",서울경제,11시간 전
"""AI는 완성품 위에 얹는 '체리' 아냐""…에이전트 일상화 가속하는 MS",https://n.news.naver.com/mnews/article/003/0013608380?sid=105,"현지시간 18일 개막한 연례 행사 '이그나이트' 개막…AI 시대 최신 기술 공유
맞춤형 코파일럿 구현하는 '워크 IQ', 통합 제어 플랫폼 '에이전트 365' 소개
[바르셀로나(스페인)=AP/뉴시스]2023년 3월2일 스페인 바르셀로나에서 열린 모바일 월드 콩그레스(MWC) 2023에서 마이크로소프트(MS) 로고가 보이고 있다. 2024.01.04.
[서울=뉴시스]송혜리 기자 = 마이크로소프트(MS)가 일상과 업무 속으로 깊숙이 파고드는 '인공지능(AI) 에이전트 시대'를 본격적으로 가속한다.
회사는 미국 현지시간 18일 개막한 연례 행사 '이그나이트'를 통해 사용자가 MS 365 코파일럿과 코파일럿 생태계의 에이전트를 활용해 어떻게 일하고, 누구와 협업하며, 어떤 콘텐츠를 다루는 지 학습해 필요한 통찰을 제공하고 다음 행동을 예측하도록 하는 '워크 IQ' 기능을 공개했다. 쉽게 말해 사용자 맞춤형 AI 코파일럿을 만들어 주는 기능이다.
제러드 스파타로 MS AI 앳 웍스 최고마케팅책임자(CMO)는 ""오늘날 모든 기업은 '프런티어 기업'으로 변화하는 여정 위에 있다""면서 ""즉, 사람이 주도하고 AI 에이전트가 운영을 뒷받침하는 조직으로 진화하고 있다""고 설명했다. 이어 ""이러한 기업들은 업무 수행 방식 전체를 재구성하고 직원 모두가 AI 어시스턴트를 사용할 수 있도록 하며, 인간과 에이전트의 협업을 통해 영향력을 극대화하고 비즈니스 프로세스를 재탄생시키고 있다""고 설명했다.
스파타로 CMO는 ""오늘 이그나이트 행사에서 당사는 모든 고객이 이러한 프런티어 기업으로 도약할 수 있도록 'MS 365 코파일럿'의 새로운 기능들을 발표한다""고 설명했다.
사용자 '작업 방식' 이해하는 지능 레이어 '워크IQ' 공개
이번 행사를 통해 MS는 ▲MS 365 코파일럿이 사용자, 역할, 조직을 깊이 이해하도록 만드는 지능 기반 레이어 '워크 IQ' ▲코파일럿 채팅에서 문서·스프레드시트·프레젠테이션을 고품질로 공동 제작할 수 있는 '워드·엑셀·파워포인트 에이전트 인 챗' ▲에이전트를 안전하게 관리하고 제어할 수 있는 통합 제어 플랫폼 '에이전트 365'를 소개했다.
워크IQ는 사용자의 작업 방식·협업 관계·업무 콘텐츠를 학습해 MS 365 코파일럿과 에이전트가 사용자의 일하는 맥락을 이해하도록 하는 지능 레이어다.
워크IQ는 데이터, 메모리, 추론 이 가지 요소로 작동한다.
이메일, 파일, 회의, 채팅에 담긴 풍부한 업무 데이터를 기반으로 '업무가 어떻게 진행되는지'에 대한 지식을 구조화하며 메모리 기능을 통해 사용자의 스타일, 선호도, 습관, 업무 흐름 등 개인 고유의 작업 패턴과 관계를 학습한다. 아울러 추론 기능은 데이터와 메모리를 결합해 가치 있는 연결을 만들고 새로운 인사이트를 발굴하며 최적의 다음 행동을 예측한다. 예를 들어 코파일럿은 사용자의 프롬프트와 의도를 분석해 해당 업무에 가장 적합한 에이전트를 자동으로 추천한다.
프랭크 X. 쇼 MS 최고커뮤니케이션책임자(CCO)는 ""워크 IQ는 개인 데이터·기억·추론을 기반으로 이메일, 파일, 회의, 채팅, 사용자 습관·선호·관계 등을 모두 연결해 통찰을 도출하고 다음 행동을 예측할 수 있도록 돕는다""면서 ""특히 서드파티 커넥터를 덧대는 방식이 아니라, 네이티브 통합을 기반으로 작동한다는 점이 특징""이라고 강조했다.
이와 함께 MS 365 코파일럿 주요 업데이트 내용도 공유했다.
워드·엑셀·파워포인트에서 작동하는 오피스 에이전트와 에이전트 모드를 확대해 코파일럿 기반 문서·표·프레젠테이션 생성 기능을 강화했다. 아울러 스마트폰에서 음성 명령으로 작업을 처리하는 코파일럿 음성 기능, 업무용 보안 AI '코파일럿 챗'을 업그레이드했다.
AI확산 속에 고개 드는 '섀도우AI'문제…정보 유출 통로 될지도
쇼 CCO는 IDC의 조사를 인용, 2028년까지 전 세계 기업들은 약 13억개의 AI 에이전트를 운영할 것이라고 설명했다. 이런 가운데 대부분의 조직은 아직 이를 관측하고 보호하며, 거버넌스를 적용할 체계를 갖추지 못한 상태라고 진단했다.
쇼 CCO는 ""통제가 되지 않으면 AI 에이전트는 새로운 형태의 '섀도우 IT'가 될 수 있다""고 지적했다.
섀도우IT, 섀도우AI는 조직의 승인을 받지 않은 도구를 말한다. 직원이 조직의 승인 없이 자율형 AI 에이전트나 AI 도구를 사용하는 경우, 민감한 데이터를 외부로 보내는 '보이지 않는 통로'가 생길 수 있다. 이는 데이터 유출이나 규정 위반 등 심각한 보안 위험으로 이어질 수 있다.
이에 따라 MS는 조직 내 에이전트를 일관되게 관리·보호할 수 있도록 설계된 에이전트 365를 선보였다.
에이전트 365는 에이전트 현황을 한 곳에서 파악할 수 있는 단일 레지스트리, 역할에 따라 권한을 제한하는 접근 제어, 에이전트·사용자·데이터 간 관계를 분석하는 시각화 기능을 제공한다. 이와 함께 AI와 사람 간 워크플로우를 자연스럽게 연결하는 상호운용성, 위협 탐지와 취약점 대응을 포함한 보안 기능을 통해 대규모 에이전트 운영 환경을 안전하게 지원한다.
이밖에 MS는 300명 이하 중소·중견(SMB)기업을 대상으로 한 'MS 365 코파일럿 비즈니스'를 출시했다. 이용 요금은 1인당 월 21달러이며, 다음달 서비스가 제공될 예정이다.
쇼 CCO는 ""이제 대부분의 사람들은 AI가 우리의 업무 방식과 문제 해결 접근을 근본적으로 바꾸고 있다는 데 동의할 것""이라면서 ""그러나 여전히 많은 경우 AI는 우리가 하는 일의 '추가 요소' 정도로만 간주되고 핵심 구성 요소로 받아들여지지 못하고 있다""고 설명했다.
이어 ""AI는 완성된 제품 위에 올리는 '체리'처럼 마지막에 덧붙일 수 있는 것이 아니""라며 ""AI를 책임 있게, 그리고 효과적으로 활용하기 위해서는 데이터센터 같은 가장 기초적인 인프라부터 AI의 능력을 활용하는 사용자·조직에 이르기까지 모든 계층에서 AI를 어떻게 가장 잘 활용할 것인지'를 사전에 깊이 고민해야 한다""고 강조했다．",뉴시스,11시간 전
"""AI스타트업 경쟁력 확보 지원""…코스포-KOSA '맞손'",https://n.news.naver.com/mnews/article/003/0013608921?sid=101,"AI 창업 생태계 위한 업무 협약 체결
[서울=뉴시스]한상우 코리아스타트업포럼 의장(왼쪽)과 조준희 한국인공지능·소프트웨어산업협회(KOSA) 회장. (사진=코리아스타트업포럼 제공) 2025.11.19. photo@newsis.com *재판매 및 DB 금지
[서울=뉴시스]강은정 기자 = 코리아스타트업포럼(코스포)은 한국인공지능·소프트웨어산업협회(KOSA)와 '인공지능(AI) 혁신 창업 생태계 활성화를 위한 업무 협약'을 맺고 AI 스타트업 성장 기반을 강화에 나선다고 19일 밝혔다.
양 기관은 이번 협약으로 국내 AI 스타트업의 육성 및 글로벌 경쟁력 확보를 돕는다. 해외 진출을 지원하는 교육·컨설팅 프로그램을 운영하고 AI 분야 정책 연구 등을 추진한다. 협약을 원활하게 이행하고자 협의체 및 실무협의회도 꾸릴 예정이다.
조준희 KOSA 회장은 ""AI·소프트웨어 산업의 미래 경쟁력은 혁신 스타트업에서 비롯된다""며 ""이번 협약으로 양 기관의 전문성과 네트워크를 결합해 국내 AI 스타트업이 글로벌 무대에서 성과를 낼 수 있도록 실질적 지원을 강화하겠다""고 말했다.
한상우 코스포 의장은 ""스타트업이 AI 시대 공공·산업 혁신의 중심 주체로 자리매김할 수 있도록 협력 모델을 체계적으로 확장해 나가겠다""며 ""정책 연구부터 글로벌 교류까지 생태계 전반을 아우르는 전략적 협력으로 대한민국 AI 스타트업의 도약을 적극 뒷받침하겠다""고 전했다．",뉴시스,2시간 전
"초기 투자만 30조원 …韓, UAE 'AI스타게이트' 참여한다",https://n.news.naver.com/mnews/article/025/0003483584?sid=105,"아랍에미리트(UAE)를 국빈방문한 이재명 대통령이 18일(현지시간) 오전 UAE 대통령궁에서 열린 공식 환영식에서 무함마드 빈 자이드 알 나흐얀 UAE 대통령과 만나 인사하고 있다. 전민규 기자
한국이 아랍에미리트(UAE)가 추진 중인 초대형 AI 인프라 구축 프로젝트에 참여한다. 이를 통해 글로벌 AI 인프라 시장에 본격적으로 뛰어들 수 있는 발판이 될 수 있다는 전망이 나온다.
과학기술정보통신부, 산업통상자원부 등은 UAE 스타게이트 프로젝트를 포함, 양국 간 인공지능(AI)·에너지 협력을 전방위적으로 확대하겠다고 18일 발표했다.
올해 1월 오픈AI, 오라클, 소프트뱅크 등이 참여한 미국의 스타게이트 프로젝트가 발표된 이후 UAE는 미국 외 지역으로는 처음으로 스타게이트 프로젝트를 추진하기 위해 아부다비에 최대 5 기가와트(GW) 규모 AI 데이터센터 클러스터를 조성 중이다. 첫 단계로 내년에 200 메가와트(㎿) 규모 데이터센터를 가동하는 게 목표다. 초기 투자 규모만 30조 원 이상으로 추산된다. 과기정통부는 “그간 국내에서 축적한 역량을 해외 시장으로 펼쳐 나가는 첫 번째 사례”라며 “한국이 본격적으로 글로벌 AI 경쟁에 뛰어들었다는 함의가 있다”고 말했다.
이를 위해 양국은 최고 수준의 AI 정책기구 간 협력을 공식화했다. 한국 국가인공지능전략위원회와 UAE 아부다비 인공지능·첨단기술위원회는 전략적 AI 협력 프레임워크를 체결하고 양국 간 협력의 틀을 마련했다. 양측은 이를 기반으로 AI 투자 및 인프라 구축, AI 공급망 확대와 에너지믹스 기반 전력 협력, AI·첨단기술의 산업별 적용 가속화(AX 프로젝트), AI 연구개발 및 전문 인재 교류 등으로 협력 범위를 넓힐 예정이다. 특히 스타게이트 프로젝트를 축으로 AI·에너지·반도체 전반에서 협력이 강화된다. 한국은 원전·가스·재생에너지를 결합한 UAE 전력망 구축 논의에도 참여해 초대형 AI 데이터센터 운영에 필요한 에너지 생태계 조성에 힘을 보탤 계획이다.
하정우 대통령실 AI 미래기획수석이 18일 오후 아랍에미리트 알로프트 아부다비 호텔에 마련된 프레스센터에서 한-UAE 정상회담에서 나온 전략경제협력 성과 등과 관련해 브리핑하고 있다. 전민규 기자
양국은 항만·물류 분야에서도 피지컬 AI를 기반으로 한 공동 프로젝트를 추진한다. 부산항과 아부다비 칼리파항을 테스트베드로 스마트 항만 전환을 추진할 예정이다. 피지컬 AI는 로봇과 센서, 제어 기술에 AI를 적용해 물리 공간에서 기계와 장비가 스스로 상황을 판단하고 움직이도록 만드는 기술이다. 하정우 대통령실 AI미래기획수석은 “한국과 UAE가 미래 해운 물류 혁신을 선도할 중요한 발판이 될 것”이라며 “양국은 정부, 기업, 전문기관 등으로 구성된 각 분야별 워킹그룹을 연내에 조속히 구성해 실질 성과를 도출하기로 했다”고 말했다.",중앙일보,15시간 전
UAE 순방나선 李대통령…AI·방산 등 150조 효과[영상],https://n.news.naver.com/mnews/article/079/0004087381?sid=100,"UAE 측의 환대 속 7개 분야 MOU 체결
강훈식 비서실장 ""AI 200억 달러, 방산수출 150억 달러""
李대통령, 19일 비즈니스라운드테이블에 경제인과 참여
UAE 파병 아크부대 지휘부 격려 후 이집트로 이동
아랍에미리트(UAE)를 국빈 방문 중인 이재명 대통령이 18일(현지시간) 아부다비 대통령궁에서 영접나온 무함마드 빈 자이드 알 나흐얀 대통령과 인사하고 있다. 연합뉴스
아랍에미리트(UAE)를 국빈 방문중인 이재명 대통령은 18일(현지시간) 모하메드 빈 자이드 알 나흐얀 UAE 대통령과 정상회담을 열고 양국 간 협력 강화 방안을 모색했다.
취임 후 처음으로 국빈 방문에 나섰고, 역시 처음으로 중동·아프리카 지역 순방에 나선 이 대통령은 이날 UAE 대통령궁 '카스르 알 와탄'에서 국빈 예우 속에 모하메드 대통령과 정상회담에 나섰다.
입국 첫날 전투기 호위로 이 대통령을 예우했던 UAE 측은 이날에도 21발의 예포 발사, 낙타와 말 도열, 공군 비행시범단의 에어쇼, 어린이 환영단, 전통 무용 '알 아이알라' 등으로 이 대통령의 국빈 방문을 환영했다.
양국 정상은 57분간 이어진 확대회담과 단독회담에서 양국 간 협력 강화 필요성에 공감, '한국과 UAE, 100년 동행을 위한 새로운 도약'이라는 제목의 공동선언을 발표했다.
양국 정부는 이날 정상회담을 계기로 인공지능(AI), 우주탐사, 원자력 등 7개 분야에 대한 양해각서(MOU)를 체결했다.
강훈식 대통령 비서실장은 아부다비 프레스센터 브리핑을 통해 이번 회담의 기대 성과가 AI 분야에서 200억 달러, 방산 분야에서 150억 달러, K-컬처 분야에서 시장가치 704억 달러 등 총 1천억 달러 이상이라고 밝혔다.
AI 분야와 관련해서는 UAE가 추진 중인 '스타게이트 프로젝트'의 초기 인프라 구성에 약 200억 달러, 방산에서는 '완성형 가치사슬' 협력 모델 구축으로 150억 달러 이상의 수주 등 가능성이 높아질 것으로 기대했다.
첫 중동 순방과 각종 MOU 체결이라는 성과를 거둔 이 대통령은 19일에는 비즈니스라운드테이블에 참석해 이재용 삼성전자 회장, 정의선 현대차그룹 회장, 김동관 한화그룹 부회장, 조주완 LG전자 최고경영자 등 양국 경제인들과 함께 경제협력 방안을 논의한다.
이후에는 UAE에 2011년부터 파병돼 있는 아크 부대의 지휘부대를 격려한 후 2번째 순방국인 이집트로 출국한다.
※CBS노컷뉴스는 여러분의 제보로 함께 세상을 바꿉니다. 각종 비리와 부당대우, 사건사고와 미담 등 모든 얘깃거리를 알려주세요.
이메일 :
jebo@cbs.co.kr
카카오톡 :
@노컷뉴스
사이트 :
https://url.kr/b71afn",노컷뉴스,6시간 전
"韓, 30조원 규모 'UAE 스타게이트' 참여…AI·우주협력 등 7건 MOU 체결",https://n.news.naver.com/mnews/article/448/0000571520?sid=100,"[앵커]
이재명 대통령이 UAE를 국빈 방문 중인 가운데, 우리나라가 30조원 규모 UAE 인공지능 사업에 참여하기로 했습니다. 대통령실은 양국 간 방산과 AI 등 협력으로 300억 달러 이상 경제적 효과를 기대할 수 있을 거라고 예상했습니다.
아부다비 현지에서 서주민 기자가 보도합니다.
[리포트]
이재명 대통령이 탄 차량 옆으로 낙타들이 도열해 있고, 대통령 궁 위로는 삼색 연기를 뿜어내는 전투기 편대가 지나갑니다.
대통령 궁에 도착한 이 대통령을 모하메드 빈 자이드 알 나흐얀 UAE 대통령이 직접 맞이합니다.
두 사람은 정상회담을 갖고 AI와 우주산업 협력 등의 내용을 담은 7건의 양해각서를 체결했습니다.
모하메드 빈 자이드 알 나흐얀 / UAE 대통령
""한국과 UAE 간의 특별 전략적 동반자 관계는 여러 분야에서 그 성과를 보고 있습니다.""
이재명
""지금껏 쌓아온 특별한 우정을 기반으로 양국 간 관계가 한 차원 더 높은 단계로 새롭게 도약할 것입니다.""
이번 회담을 계기로 우리나라는 30조원 규모의 AI 인프라 구축 사업인 'UAE 스타게이트'에 참여하기로 했습니다.
대통령실은 양국 협력을 통해 방산 150억 달러, AI 분야 200억 달러 등의 경제적 효과를 거둘 수 있을 것으로 기대했습니다.
강훈식
""이번 정상회담은 단순한 우호 과시에 멈추는 것이 아니라 실질적인 경제동맹의 출발이 될 것입니다.""
회담을 마친 이 대통령은 한국 공연 최초로 UAE 대통령궁에서 열린 문화 교류 행사에 참석했습니다.
UAE 음악대가 '제 3한강교'와 '울고 넘는 박달재' 등 우리 노래를 연주했고, 소프라노 조수미 씨도 무대에 올랐습니다.
전방위 협력을 통해 양국의 '100년 동행' 구상을 밝힌 이 대통령은 오후엔 재계인사들과 양국 경제인 행사에 참석한 뒤 UAE 현지에 파견된 아크부대 장병들을 만납니다.
아부다비에서 TV조선 서주민입니다.",TV조선,5시간 전
"학부모 66% ""인공지능 활용 교육, 자녀 미래 도움될 것""",https://n.news.naver.com/mnews/article/003/0013608592?sid=101,"대교에듀베이션 설문조사 실시
AI 교육 시작 적기는 '초등학교'
[서울=뉴시스] 자녀 교육 인공지능 기능 신뢰도 및 학원 앱 서비스 이용 의향 조사. (사진=대교 제공) 2025.11.19. photo@newsis.com *재판매 및 DB 금지
[서울=뉴시스]강은정 기자 = 학부모 66%는 인공지능(AI) 활용 교육이 자녀 미래 진로에 도움이 될 것이라고 답했다. AI 활용 교육을 시작할 적기로는 '초등학교'를 가장 많이 꼽았다.
대교그룹의 학원 전문 서비스 기업인 대교에듀베이션이 19일 발표한 '자녀 교육 AI 기능 신뢰도 및 학원 앱 서비스 이용 의향 조사' 결과에 따르면 AI 활용 교육 적정 시작 시기 1순위는 초등학교(61.6%)였다. 중학교(22%), 고등학교(9.9%)가 뒤를 이었다. 이번 조사는 초·중·고 학부모 1204명을 대상으로 진행됐다.
자녀의 AI 활용 교육 경험(중복 응답)에 대해서는 학부모 10명 중 3명이 '학교 수업을 통해 활용하고 있다'고 답변했다. 응답 학부모 중 학원 등 사교육 현장에서 AI 맞춤형 콘텐츠를 이용하고 있는 비율은 16.4%였다.
학원관리프로그램에 AI 기능 도입 시 활용 의사를 묻는 질문에 학부모의 67.9%는 '편의성을 제공하는 AI 기능이라면 사용할 계획'이라고 밝혔다.
대교에듀베이션은 ""학부모들이 자녀 교육뿐 아니라 학원 앱 서비스를 통한 학원-가정 간 소통에서도 AI 기술을 이용하길 원한다""고 분석했다．",뉴시스,3시간 전
"학부모 66% ""인공지능활용 교육, 자녀 미래 도움될 것""",https://n.news.naver.com/mnews/article/003/0013608592?sid=101,"대교에듀베이션 설문조사 실시
AI 교육 시작 적기는 '초등학교'
[서울=뉴시스] 자녀 교육 인공지능 기능 신뢰도 및 학원 앱 서비스 이용 의향 조사. (사진=대교 제공) 2025.11.19. photo@newsis.com *재판매 및 DB 금지
[서울=뉴시스]강은정 기자 = 학부모 66%는 인공지능(AI) 활용 교육이 자녀 미래 진로에 도움이 될 것이라고 답했다. AI 활용 교육을 시작할 적기로는 '초등학교'를 가장 많이 꼽았다.
대교그룹의 학원 전문 서비스 기업인 대교에듀베이션이 19일 발표한 '자녀 교육 AI 기능 신뢰도 및 학원 앱 서비스 이용 의향 조사' 결과에 따르면 AI 활용 교육 적정 시작 시기 1순위는 초등학교(61.6%)였다. 중학교(22%), 고등학교(9.9%)가 뒤를 이었다. 이번 조사는 초·중·고 학부모 1204명을 대상으로 진행됐다.
자녀의 AI 활용 교육 경험(중복 응답)에 대해서는 학부모 10명 중 3명이 '학교 수업을 통해 활용하고 있다'고 답변했다. 응답 학부모 중 학원 등 사교육 현장에서 AI 맞춤형 콘텐츠를 이용하고 있는 비율은 16.4%였다.
학원관리프로그램에 AI 기능 도입 시 활용 의사를 묻는 질문에 학부모의 67.9%는 '편의성을 제공하는 AI 기능이라면 사용할 계획'이라고 밝혔다.
대교에듀베이션은 ""학부모들이 자녀 교육뿐 아니라 학원 앱 서비스를 통한 학원-가정 간 소통에서도 AI 기술을 이용하길 원한다""고 분석했다．",뉴시스,3시간 전
"韓-UAE, 원전·인공지능·우주 분야 협력 MOU 7건 체결",https://n.news.naver.com/mnews/article/023/0003941763?sid=100,"韓-UAE 정상회담, UAE 대통령궁에서 열려
李대통령 “UAE 바라카 원전, 양국 협력 명확히 보여줘”
UAE 대통령 “바라카 원전은 양국 파트너십의 근간”
아랍에미리트(UAE)를 국빈 방문 중인 이재명 대통령이 18일(현지 시각) 아부다비 대통령궁에서 무함마드 빈 자이드 알 나하얀 UAE 대통령과 한-UAE 확대회담을 하고 있다./연합뉴스
아랍에미리트(UAE)를 국빈 방문 중인 이재명 대통령은 18일(현지 시각) UAE의 수도 아부다비에 있는 대통령궁 ‘카사르 알 와탄’에서 무함마드 빈 자이드 알 나하얀 UAE 대통령과 정상회담을 가졌다.
양국은 이날 원자력과 인공지능(AI), 우주, 바이오헬스, 지식재산 분야 등에서 협력하자는 내용의 양해각서(MOU) 7건을 체결했다.
무함마드 대통령은 확대회담에서 “여러분의 제2의 국가인 UAE에 오신 걸 진심으로 환영한다”고 했다. 이 대통령도 “형제의 나라에 와서 그런지 마음이 편하고 행복하다”고 했다.
양국 정상은 한국 원전 수출 1호인 UAE의 바라카 원전이 양국 관계를 돈독히 하는 계기가 되었다고 입을 모았다. 이 대통령은 “양국 간 협력은 바라카 원전 사업, 아크 부대라는 것으로 명확하게 특징지어진다”고 했다. 이 대통령은 정상회담에 앞서 현지 매체 ‘알 이티하드’와 서면 인터뷰에서는, 한국이 소형모듈원전(SMR) 등 차세대 원전 기술에서 UAE와 협력하고 양국이 함께 글로벌 원전 시장에 진출하는 방안도 추진하겠다고 했다.
아랍에미리트(UAE)를 국빈 방문 중인 이재명 대통령이 18일(현지 시각) 아부다비 대통령궁에서 무함마드 빈 자이드 알 나하얀 UAE 대통령과 한-UAE 확대회담을 하고 있다./연합뉴스
무함마드 대통령도 “양국 간의 에너지 협력은 타의 모범이 되고 있다”며 “바라카 원전의 모든 호기가 성공적으로 운영되고 있는데, 이 협력 모델이야말로 양국 간 파트너십이 공고히 유지되게 하는 근간”이라고 했다.
무함마드 대통령은 자신의 아버지인 셰이크 자이드 빈 술탄 알 나하얀 UAE 초대 대통령의 일화도 언급했다. 그는 “아버지가 원래 섬이었던 아부다비와 육지를 잇는 ‘무사파’라는 교량을 건설하기로 마음먹었는데, 그때 한국 회사를 선택했다”며 “이제 양국을 잇는 다리가 굉장히 많고, 그 다리가 협력과 개발의 욕망을 더욱 더 채워줄 수 있기를 기대한다”고 했다.
이 대통령은 “UAE는 세계 6대 산유국인데도 불구하고 자원이 아닌 기술, 민간 개발을 통해 정말 경이로운 발전을 이뤄내고 있다”며 “양국의 100년 동행을 위해 전방위적으로 협력할 준비가 돼 있다”고 했다.
확대회담에 이어 MOU 체결식이 진행됐다. 총 7건으로, 한국전력공사 사장과 UAE 원자력공사 사장이 ‘원자력 신기술·AI 및 글로벌 시장 협력에 대한 파트너십’을 체결했다. 이와 별도로 ‘AI 분야 협력에 관한 MOU’, ‘전략적 AI 협력 프레임워크’ 등도 체결했다.
또 ‘바이오헬스 분야 포괄적 협력에 대한 MOU’, ‘지식재산 분야에서의 심화 협력에 관한 MOU’를 체결했고, 공동 위성 개발 등 우주 인프라 구축 협력을 위한 ‘우주 협력에 관한 MOU’도 체결했다. 양국이 지난해 체결한 ‘포괄적 경제 동반자 협정(CEPA)’과 관련해 ‘CEPA 경제협력위원회 행정 및 운영 MOU’도 체결했다.",조선일보,17시간 전
한국-UAE 정상회담…인공지능·원전 등 MOU 7건 체결,https://n.news.naver.com/mnews/article/028/0002777125?sid=100,"이재명 대통령이 18일(현지시각) 아랍에미리트연합(UAE) 아부다비 대통령궁에서 열린 국빈방문 공식 환영식에서 무함마드 빈 자이드 알 나흐얀 아랍에미리트 대통령과 사열대로 이동하고 있다. 연합뉴스
이재명 대통령이 18일(현지시각) 무함마드 빈 자이드 알 나흐얀 아랍에미리트연합(UAE) 대통령과 정상회담을 하고 향후 인공지능(AI) 인프라 구축, 원자력 신기술 및 글로벌 시장 공동진출 협력 강화 등을 위한 양해각서(MOU)를 맺었다. 이 대통령은 중동에서 유일하게 한국과 ‘특별 전략적 동반자’ 관계를 맺고 있는 아랍에미리트를 “형제의 나라”로 칭하며 “거래와 계약을 통한 이익 추구라는 것을 넘어서서 모두의 성장과 공동 번영을 향해 거침없이 나아가자”고 강조했다.
이 대통령은 이날 아부다비에 위치한 대통령궁인 와탄궁에서 한 무함마드 대통령과의 확대 정상회담에서 “대한민국은 양국의 100년 동행을 위해서 전방위적으로 협력할 준비가 돼 있다”며 이렇게 말했다.
이 대통령은 이 자리에서 “양국 간의 협력은 바라카 원전 사업, 아크 부대라는 것으로 명확하게 특징지어진다”며 “이를 기반으로 매우 여러 면에서 협력 관계가 이루어졌음을 정말로 기쁘게 생각한다”고 말했다. 이 대통령은 그러면서 “국방, 방산, 인공지능, 원자력, 보건, 의료 등 양국 모두에게 경쟁력과 전략적 중요성이 큰 분야가 참으로 많다”고 말했다. 무함마드 대통령도 “이 협력 모델(바라카 원전)이야말로 양국 간 파트너십이 공고히 유지되게 하는 근간”이라고 화답했다.
두 정상은 이에 원자력 신기술과 인공지능 및 글로벌 시장 협력 파트너십 양해각서를 중심으로 모두 7개의 양해각서를 체결했다. 이는 한전과 아랍에미리트 원자력공사 간 원자력 신기술 및 글로벌 시장 공동 진출 협력을 강화한다는 내용을 담고 있다. 그밖에 △전략적 인공지능 협력 프레임워크 △인공지능 분야 협력에 관한 양해각서 △‘포괄적 경제동반자협정’(CEPA) 경제협력위원회 행정 및 운영 양해각서 △바이오헬스 분야 포괄적 협력에 관한 양해각서 △지식재산 분야 심화·협력에 관한 양해각서 개정 약정 등에도 합의했다.",한겨레,16시간 전
"수자원공사,인공지능전환 미래전략 학술회의 개최",https://n.news.naver.com/mnews/article/052/0002274833?sid=102,"한국수자원공사가 학술회의를 열고 공공, 산업 분야의 인공지능 전환 방향을 논의했습니다.
이번 행사에서는 국가인공지능전략위원회 명승환 교수 등 각계 전문가들이 참여했으며 정부와 기업, 연구기관의 인공지능 전환 추진 사례 등이 발표됐습니다.
수자원공사는 앞으로 물 관리 분야에 인공지능을 체계적으로 도입하기 위한 실행 계획을 구체화해나가겠다고 밝혔습니다.
※ '당신의 제보가 뉴스가 됩니다'
[카카오톡] YTN 검색해 채널 추가
[전화] 02-398-8585
[메일] social@ytn.co.kr",YTN,20시간 전
"사고 위험 도로,인공지능으로 실시간 파악·대처",https://n.news.naver.com/mnews/article/056/0012069158?sid=105,"[KBS 청주] [앵커]
움푹 파이거나 망가진 도로에서 차를 몰다가 사고가 나는 경우가 잦은데요.
인공지능 기술로 도로의 위험 요인을 실시간 파악해 공유하는 시스템이 청주에서 운영되고 있습니다.
사고 위험을 미리 막기 위해섭니다.
이만영 기자의 보도입니다.
[리포트]
도로 곳곳을 돌면서 불법 광고물을 단속하는 차량입니다.
깊숙이 파인 교차로 모퉁이 도로를 지나치자, 차에 달린 카메라가 사고 위험이 있는 상황으로 감지합니다.
현장 위치와 화면 등 관련 정보가 도로 관리 부서에 즉시 전달됩니다.
청주시가 인공지능 기술을 활용해 구축한 실시간 도로 위험 관리 시스템입니다.
1억 장 가까운 사진을 학습한 인공지능 기술이 적용된 단말기를 차에 달고 주행하면, 도로가 파인 지점을 탐지해 실시간 전송합니다.
[김준우/시스템 개발 업체 관계자 : ""포트홀(도로 파임)의 이미지만 가지고 정확도를 높이는 방법도 있고, 포트홀로 오인하는 것들을 따로 선별해서 포트홀로 인지하지 않도록 하는 그런 방식을 취하고 있습니다.""]
시스템은 행정안전부의 첨단 정보기술 활용 공공 서비스 촉진 사업 지원으로 10억 2천여만 원을 들여 구축했습니다.
청주시는 민원이나 순찰에 의존하던 방식에서 벗어나 위험 구간을 미리 발견해 즉각 대응할 수 있게 됐다고 설명했습니다.
[이승례/청주시 정보기획팀장 : ""(기존에는 운전자가) 운행 중에 발견된 포트홀을 신고하기 때문에 위치 파악이 좀 어려움이 있었습니다.""]
시내버스 18대와 관용차 12대로 운영을 시작한 청주시는 내년엔 20대에 시스템을 추가로 탑재해 운영할 계획입니다.
KBS 뉴스 이만영입니다.
촬영기자:김장헌/영상편집:오진석",KBS,4시간 전
"김민석 총리 ""인공지능시대 하루 늦으면 한 세대 뒤쳐진다"" [2025 중앙포...",https://n.news.naver.com/mnews/article/025/0003483727?sid=100,"김민석 국무총리가 19일 “이재명 정부는 ‘인공지능(AI) 시대에는 하루 늦으면 한 세대가 뒤처진다’는 생각으로 AI 기술 주도권 확보를 위해 쉼 없이 나아가고 있다”고 말했다. 김 총리는 이날 서울 소공동 롯데호텔에서 열린 ‘2025 중앙포럼-AI 시대의 새로운 비전과 리더십’ 축사에서 “세상이 어마어마하게 변하고 있다. 통상 질서가 재편되고, AI가 대전환의 변화 질서를 만들어내고 있고 글로벌 경쟁이 치열하다”며 이렇게 말했다.
2025 중앙포럼이 19일 서울 중구 롯데호텔 서울에서 열렸다. 김민석 국무총리가 축사를 하고 있다. 김경록 기자
김 총리는 “경쟁이 심화되고 있는데 역설적으로, 새로운 키워드는 ‘연결’”이라며 “AI 시대의 새로운 리더십은 기술 혁신을 앞당기는 것 뿐 아니라 사람과 사람, 나라와 나라 사이의 연대와 협력을 이끌어내는 것”이라고 강조했다. 이어 “이재명 정부는 오픈AI, 엔비디아, 블랙록 등 글로벌 선도기업들과 전략적 파트너십을 구축하면서 국내 AI 생태계의 기반을 다져가고 있다. 내년 예산안에는 ‘인공지능 3대 강국’ 대전환의 비전을 담고 그 마중물이 될 10조원 규모의 예산을 담았다”며 “‘모두를 위한 AI’ 비전 아래 우리나라 누구도 AI로부터 소외되는 분이 없도록 힘쓰겠다”고 말했다.
글로벌 AI 시장 전략과 관련해선 “경주 APEC에서 채택된 ‘AI 이니셔티브’가 대한민국의 글로벌 AI 리더십을 뒷받침할 중요한 토대가 될 것”이라고 강조했다. 김 총리는 “한·미 관세 협상이 타결되는 과정에서 정부와 대기업들이 다른 나라들이 찬탄할 정도의 협력을 했다.정부가 기업, 학계, 국제사회와 긴밀히 협력해서 AI 혁명의 시대에 더 큰 도약을 이뤄내도록 앞장서겠다”고 말했다.
2025 중앙포럼이 'AI 시대 새로운 리더십-대한민국의 길을 묻다'를 주제로 19일 서울 롯데호텔에서 열렸다. 김민석 총리가 축사를 하고 있다. 우상조 기자
이날 행사에는 김 총리 외에도 여야 정치인 등 각계 인사 수백명이 참석했다. 더불어민주당에서는 박홍근·김영진·고민정·김영배 의원이, 국민의힘에선 김도읍 정책위의장과 안철수·김정재·배현진 의원이 현장을 찾았다.",중앙일보,1시간 전
인공지능스피커의 SOS…골절 당한 80대 구했다,https://n.news.naver.com/mnews/article/003/0013607102?sid=102,"대전 대덕구 스마트 돌봄 서비스
심야 음성 호출로 119 즉시 연결
[대전=뉴시스] 대전 대덕구청사 전경.  *재판매 및 DB 금지
[대전=뉴시스] 조명휘 기자 = 대전 대덕구가 운영하는 스마트돌봄 서비스가 위기에 빠진 80대 노인을 구했다.
18일 대덕구에 따르면 지난 4일 늦은 오후 지역의 80대 여성 A씨가 집에서 넘어져 움직이지 못하는 상황에서 AI 스피커 '아리아'가 119 신고를 연결해 귀중한 생명을 지켰다.
사고 당시 A씨는 허리·둔부에 극심한 통증으로 거동이 불가능했고, 휴대전화도 손이 닿지 않는 위치에 있었다. 청각장애가 있는 남편도 즉각 대응할 수 없던 상황에서 A씨는 AI 스피커를 호출해 도움을 요청했다.
신고가 접수되자 구급대는 빠르게 현장에 도착해 A씨를 병원으로 이송했고, 검사 결과 골절이 확인돼 현재 치료 중이다.
A씨는 ""휴대전화도 멀고 남편도 듣지 못하는 상황에서 아리아가 아니었다면 큰일 날 뻔했다""며 깊은 감사를 전했다.
대덕구는 고령자 돌봄 공백 해소를 위해 AI 스피커 '아리아' 92대와 '꿈돌이 돌봄 로봇' 200대를 활용해 스마트돌봄 체계를 운영 중이다.
특히 아리아를 활용한 서비스는 5년째 이어지며 고위험 가구의 안전 모니터링을 상시 지원하는 핵심사업으로 자리잡았다.
최충규 구청장은 ""심야에 발생하는 돌봄 공백을 보완하는 AI 기반 안전체계가 실제로 효과를 발휘한 대표 사례""라며 ""통합돌봄사업과 연계해 스마트돌봄을 확대하고, 누구나 안전하게 생활할 수 있는 지역 돌봄 기반을 강화하겠다""고 했다．",뉴시스,22시간 전
"""인공지능부터 재난까지""…충북도, 변화에 대응한 조직개편",https://n.news.naver.com/mnews/article/022/0004083512?sid=102,"충청북도가 인공지능(AI)과 재난 대응 등 미래 행정 수요에 선제로 대응하고자 2026년 1월1일 자로 조직을 개편한다.
도는 민선 8기 도정 성과를 가속하고 새 정부 정책에 유기적으로 대응하기 위한 조직개편안을 제430회 도의회 정례회에 제출했다고 18일 밝혔다. 이번 조직개편은 △AI 정책 대응을 위한 조직 신설 △재난·복지 분야 국가정책 수행을 위한 인력 보강 △지역 균형발전을 위한 사업소 분리 △소방기관 감찰·윤리 기능 강화 등의 내용을 담았다.
충북도청. 충북도 제공
우선 기존 ‘과학인재국’과 ‘과학기술정책과’는 각각 ‘AI과학인재국’과 ‘AI전략과’로 명칭을 변경하고 ‘AI정책팀’을 신설한다. 이는 정부가 추진 중인 ‘AI 3대 강국 도약’ 전략에 발맞춰 도 차원의 대응체계를 갖추려는 조치다. ‘AI전략과’는 충북 AI정책의 중추 역할과 AI 기술 첨단산업 융합, 인재 양성 등 지역 산업의 고도화를 추진한다는 구상이다.
자연재난과에는 자연재난정책팀을 신설해 재난 대응 기능 강화에 나선다. 또 재난상황팀은 기존 8명에서 11명으로 증원한다. 재난과 안전 분야 인력 부족으로 전문성과 중추적 역할 수행에 어려움이 있다는 판단에 따른 것이다.
내수면산업연구소에 수산파크산업과를 신설한다. 기존 내수면산업과(충주, 괴산)를 분리해 괴산 수산파크와 아쿠아리움을 운영한다는 전략이다.
동물위생시험소에서 축산시험장을 분리한다. 동물위생시험소법 제2조 가축개량 부서 공간 분리 권유로 가축개량팀, 생명자원팀, 유전공학팀 등 3개 팀을 신설한다.
소방 분야는 감사와 감찰 기능을 강화한다. 소방감사담당관을 신설하고 임시 운영 부서를 정시(정규) 직제(긴급대응지원팀, 특수지원팀)로 상설화해 관할구역 현장 업무에 공백이 생기지 않게 지원한다.
최병희 충북도 행정국장은 “새 정부의 AI 정책 방향에 대응하고 재난 분야를 강화해 도민의 생명과 안전을 지킴은 물론 현안 사업에 박차를 가할 수 있게 조직을 정비해 민선 8기 성공적 마무리를 이끌어 가겠다”고 말했다.",세계일보,21시간 전
"""3박4일 동해 여행 일정 짜줘""…구글, AI 모드에 '여행 계획' 추가",https://n.news.naver.com/mnews/article/003/0013606357?sid=105,"사용자가 말하듯 입력하면 항공편·호텔·동선 자동 구성
AI 항공 특가 검색 '플라이트 딜', 한국 포함 전 세계 확대
[서울=뉴시스] 구글은 17일(현지 시간) AI 검색 'AI 모드' 내 캔버스에 여행 계획을 세울 수 있는 기능을 시범 출시했다고 밝혔다. (영상=구글 블로그)
[서울=뉴시스]윤정민 기자 = 구글이 인공지능(AI) 기반 여행 계획 기능을 대폭 강화했다. 검색에서 ""다음 달 동해 여행 일정 만들어 줘""처럼 말하듯 입력하면 항공편, 호텔, 관광 일정 등을 자동으로 구성해 주는 기능을 출시했다.
구글은 17일(현지 시간) AI 검색 'AI 모드' 내 캔버스에 여행 계획을 세울 수 있는 기능을 시범 출시했다고 밝혔다.
AI 모드에서 여행 성격과 원하는 조건을 설명하고 '캔버스 만들기'를 누르면 화면 오른쪽 패널에 실시간 항공권·호텔 정보, 주변 맛집·관광지 추천, 리뷰·사진 등 구글 지도 기반 데이터가 통합된 일정표가 자동 생성된다.
사용자는 ""호텔은 조식 포함으로 바꿔줘"" 등과 같은 후속 질문을 통해 일정을 세부 조정할 수 있다. AI가 가격대·편의시설·이동 시간을 기준으로 호텔을 비교해 주거나 여행자 동선에 맞춰 활동을 조정하는 것도 가능하다. 해당 기능은 현재 미국 AI 모드 '랩스(실험실)' 이용자를 대상으로 제공된다.
[서울=뉴시스] 구글은 17일(현지 시간) 미국·캐나다·인도에서 먼저 출시했던 AI 항공 특가 검색 서비스 '플라이트 딜' 제공 지역을 전 세계로 확대했다고 밝혔다. (영상=구글 블로그)
AI 모드에서 여행 계획 설계 기능이 추가된 가운데 구글은 미국·캐나다·인도에서 먼저 출시했던 AI 항공 특가 검색 서비스 '플라이트 딜' 제공 지역을 전 세계로 확대했다.
플라이트 딜은 사용자가 ""이번 겨울 일주일 동안 맛집 많은 도시로 직항만 찾아줘""처럼 자연어로 조건을 입력하면 AI가 뉘앙스와 요구를 이해한 뒤 수백 개 항공사·예약 사이트의 실시간 운임 데이터를 분석해 최적의 항공편을 추천한다.
항공사 사이트를 일일이 비교할 필요 없이 AI가 가격·경유·시간 조건을 조합해 특가를 선별해 주는 것이 특징이다. ""다음 달 공휴일 낀 주말에 3박4일 직항 해외특가 찾아줘"", ""경유지에서 반나절 여행도 가능한 항공편 찾아줘"" 등과 같은 상황별 맞춤 추천도 가능하다.
[서울=뉴시스] 구글은 17일(현지 시간) AI 검색 'AI 모드' 내 캔버스에 여행 계획을 세울 수 있는 기능을 시범 출시했다고 밝혔다. 미국을 중심으로 AI 모드에 레스토랑·이벤트 티켓·뷰티 등 예약을 연결하는 기능을 확대 중이라고 전했다. (영상=구글 블로그)
한편 구글은 AI 모드 여행 계획에서 예약으로 이어지는 과정도 자동화하고 있다. 미국을 중심으로 AI 모드에 레스토랑·이벤트 티켓·뷰티 등 예약을 연결하는 기능을 확대 중이다.
구글은 향후 항공권·호텔도 AI 모드에서 바로 예약할 수 있는 기능을 개발 중이며 부킹닷컴, 익스피디아 등 글로벌 업체들과 협력해 예약 생태계를 확장하고 있다고 전했다. 향후 검색에서 여행 계획, 특가 항공권 탐색, 예약까지 한 번에 이어지도록 하는 구상이다.
국내에서도 AI 기반 여행 서비스 경쟁이 본격화할 전망이다. 네이버는 내년 중 검색·쇼핑·로컬을 통합한 자체 AI 에이전트를 선보일 계획인데 여기에는 여행 일정 설계를 돕는 기능이 포함될 것으로 알려졌다. 네이버는 최근 AI 기반 검색·쇼핑 결합 기능을 지속적으로 확대하고 있어 구글과의 여행 AI 분야 경쟁이 가속화될 것으로 보인다．",뉴시스,1일 전
"허깅페이스 대표 ""LLM버블, 내년 터질 수도""",https://n.news.naver.com/mnews/article/092/0002398989?sid=105,"범용 모델 지고 '특화형 모델' 부상 전망
오픈소스 AI 플랫폼 허깅페이스의 클레망 델랑그 대표가 현재 AI 투자 열풍은 AI가 아닌 ‘거대언어모델(LLM) 버블’에 있다고 진단하며, 이는 곧 터질 위기에 있다고 경고했다.
18일(현지시간) 테크크런치에 따르면 델랑그 대표는 최근 열린 한 행사에서 챗GPT나 제미나이 같은 텍스트 기반 생성형 AI에 과도한 관심과 자금이 쏠려있다고 지적했다.
다만 그는 “LLM은 AI의 일부분일 뿐”이라며 “바이오·이미지·영상 등 다양한 분야에 적용되는 AI 기술은 이제 막 시작 단계인 만큼, 산업 전체의 미래는 여전히 밝다”고 강조했다.
클레망 델랑그 허깅페이스 CEO가 현재 AI 투자 열풍은 AI가 아닌 'LLM 버블'에 있다며, 이는 곧 터질 위기에 있다고 진단했다. (사진=구글 제미나이)
그는 향후 AI 시장 흐림이 ‘만능 모델’에서 ‘특화 모델’로 이동할 것이라고 내다봤다.  막대한 연산 자원을 투입해 만든 단일 거대 모델이 모든 문제를 해결하는 방식은 효율적이지 않다는 설명이다.
델랑그 대표는 “은행 상담 챗봇이 굳이 ‘삶의 의미’까지 설명할 필요는 없다”며 “기업 인프라 내에서 구동 가능하고 비용과 속도 측면에서 효율적인 맞춤형 전문 모델이 AI의 미래가 될 것”이라고 말했다.
이어 그는 경쟁사들과의 과도한 지출 경쟁과 차별화된 자사 경영 전략도 언급했다.
델랑그 대표는 “많은 기업이 수십억 달러를 쏟아부으며 단기적인 접근 방식에 매몰돼 있다”며 “허깅페이스는 투자금 4억 달러 중 절반을 여전히 보유하고 있다”고 했다.
그러면서 “우리는 15년 이상의 업력을 바탕으로 지속 가능한 성장을 목표로 한다”고 덧붙였다.",지디넷코리아,3시간 전
"어피닛, 글로벌 AI 금융 컨퍼런스 1위…""AI 기술력 증명""",https://n.news.naver.com/mnews/article/092/0002398983?sid=105,"LLM 기반 딥 리서치 부문서 마이크로소프트 등 글로벌 기업과 함께 상위 차지
AI 금융 기업 어피닛(구 밸런스히어로, 대표 이철원)은 글로벌 권위의 'ACM ICAIF 2025 (ACM International Conference on AI in Finance 2025, 국제 AI 금융 컨퍼런스)'에 참가해 5개 컴피티션 중 2개 부문에서 1위와 5위를 차지하며 글로벌 수준의 AI 기술 경쟁력을 입증했다고 19일 밝혔다.
ACM ICAIF은 세계컴퓨터학회(ACM, Association for Computing Machinery)가 주최하며, 글로벌 금융사들과 유수의 대학이 참여해 AI 금융 분야의 최신 기술과 연구 결과를 공유하는 컨퍼런스이다. 올해는 규모를 더 키웠으며, 그 시상식이 지난 15일부터 18일까지 싱가포르에서 열렸다.
어피닛의 신재혁, 전현우 연구팀은 컨퍼런스 내의 주요 경쟁 부문인 'FinSurvival Challenge-금융 거래를 위한 딥 서바이벌 모델링’에서 1위를, 'FinDDR 2025-금융 문서 딥 리서치 챌린지’에서 5위를  차지했다.
[사진] 어피닛 수상사진
딥 서바이벌 모델링 부문에서 어피닛은 독자적인 프레임워크와 다중 레벨 인덱싱 전략 등을 통해 방대한 금융 거래 기록 속에서 불완전한 데이터와 데이터 누수 문제를 해결하며 데이터 관리 역량을 입증했다. 어피닛은 XGBoost AFT(Accelerated Failure Time) 생존 분석 모델과 2단계 학습 전략을 통해 모든 평가지표에서 압도적 성능으로 1위를 차지했다.
금융문서 딥 리서치 챌린지 부문에서는 푸단대학 상하이 혁신 연구소(1위), 마이크로소프트(3위), 글로벌 신용평가사 익스피리언(4위)에 이어 어피닛이 5위를 차지하며 한국의 AI금융 기술 역량을 인정받았다.
이러한 성과의 배경에는 어피닛 데이터사이언스팀이 자체 개발한 RAG(Retrieval-Augmented Generation) 기반 AI 에이전트가 있었다. 이 AI 에이전트는 방대한 연차보고서를 자동으로 청킹(chunking) 및 임베딩(embedding)한 뒤, 전문 애널리스트 수준의 재무 분석 보고서를 생성해낸다. 어피닛은 이번 대회를 통해 증명된 RAG·LLM 기술을 기반으로, 향후 AI 기반 신용평가, 재무 분석, 리스크 예측 등 다양한 금융 의사결정 영역으로 확장할 계획이다.
어피닛 신재혁 AI 총괄 이사는 “어피닛의 고도화된 LLM 기술력이 세계적으로도 경쟁력을 갖추었음이 입증됐다”며 “특히 딥 리서치 부문의 경우 전 세계 상장기업의 다국어 연차보고서를 AI로 심층 분석해 리서치 리포트를 자동 생성하는 까다로운 목표를 상대적으로 적은 규모와 투자만으로도 이들과 대등한 기술력을 선보인 점에 자부심을 느낀다”고 말했다.
어피닛 이철원 대표는 ""튜링상을 주관하는 ACM의 컨퍼런스에서 AI 기술력을 객관적으로 증명하게 되어 기쁘다""라며 ""핵심 역량 분야에서의 1위 달성은 물론, 새로운 분야에서도 글로벌 빅테크와 어깨를 나란히 한만큼, 앞으로도 지속적인 기술 혁신을 통해 금융 AI 시장을 선도해 나갈 것""이라고 포부를 밝혔다.",데일리한국,3시간 전
"숭실대 AI안전성연구센터, 해외 대비 국내 거대언어모델(LLM) 안전성 82% ...",https://n.news.naver.com/mnews/article/030/0003371345?sid=102,"지난 13일, 국내외 파운데이션 모델 보안성 안전성 평가 분석 세미나를 개최했다.(사진=숭실대)
숭실대학교 AI안전성연구센터는 국내외 거대언어모델(LLM) 20종을 비교한 결과, 국내 모델의 보안성과 안전성이 해외 모델의 약 82% 수준이라고 18일 밝혔다.
이번 분석은 최근 '국내외 파운데이션 모델 보안·안전성 평가 세미나'에서 공개됐으며, 과학기술정보통신부와 정보통신기획평가원의 '정보보호핵심원천기술개발사업' 연구과제의 일환으로 수행했다.
연구팀은 1.2B부터 660B 규모까지 다양한 모델을 대상으로 프롬프트 인젝션, 탈옥(Jailbreak), 유해 콘텐츠 생성 유도 등 57종의 최신 공격 기법을 적용했다.
평가에는 SKT A.X, LG EXAONE, 카카오 Kanana, 업스테이지 Solar, 엔씨소프트 VARCO 등 국내 모델과 OpenAI 챗GPT 시리즈, DeepSeek R1, Meta Llama(라마), Anthropic Claude(클로드), Alibaba Qwen(쿠엔) 등 해외 주요 모델이 포함됐다.
또한 모델을 직접 설치해 실행하는 '단독형'과 기업이 보안 기능을 포함해 제공하는 '서비스 통합형'을 구분해 평가한 점이 특징이다.
서비스 통합형 평가에서 'Anthropic Claude Sonnet4'가 628점으로 가장 높은 점수를 기록했고, 'OpenAI GPT-5'가 626점으로 뒤를 이었다. 국내 모델 중에서는 'J모델'이 495점으로 세 번째를 차지했다. 해외 모델 점수 범위는 628~317점(평균 447점), 국내 모델은 495~299점(평균 385점)으로 나타나, 국내 모델의 상대적 수준은 약 86%였다.
단독형 평가에서는 'GPT-oss 20B'가 487점(700점 만점)으로 가장 높았고, 'DeepSeek 7B'가 477점을 기록했다. 국내 모델 중에서는 'C모델'이 416점을 받았다. 해외 모델 평균은 432점, 국내 모델 평균은 350점으로, 국내 모델은 해외 대비 약 81% 수준이었다. 두 형태를 종합하면 국내 모델의 전체 수준은 약 82%로 평가됐다.
국내 모델은 대부분의 공격 유형에서 해외 모델보다 낮은 안전성을 보였다. 일부 공격에서는 모델 간 편차가 크게 나타났다. 해외 모델은 한국어와 영어 안전성 차이가 거의 없었으나, 국내 모델은 한국어가 상대적으로 더 안전한 경향을 보여 언어적 편차가 확인됐다.
최대선 숭실대 AI안전성연구센터장은 “국내 모델은 보안성에서 해외 모델보다 다소 낮은 수준을 보였다”며 “국내에서는 벤치마크 중심의 안전성 평가에 그쳤고, 높은 기술력이 필요한 보안성 평가는 충분히 이뤄지지 않았던 점이 원인으로 보인다”고 말했다. 이어 “경쟁력 확보를 위해 체계적 평가와 지속적 검증, 기술 확보가 필수적이다”고 강조했다.
한편 숭실대 AI안전성연구센터는 최신 공격을 반영한 동적 평가체계 구축, AI 에이전트를 활용한 자동화 레드티밍 기술 개발, 공격·안전성 데이터 공유 플랫폼 구축을 추진하고 있다. 앞으로 평가 대상을 멀티모달 모델, Physical AI 등으로 확장해 국내 AI 모델의 안전성과 신뢰성을 높이는 연구를 이어갈 계획이다.",E동아,1일 전
"[AI픽] 엔비디아 AI 협력 총괄 ""한국, GPU 26만개 보유…AI 중심 국가""",https://n.news.naver.com/mnews/article/001/0015749121?sid=105,"엔비디아 ""한국, 13대 슈퍼컴퓨터·11개 LLM 프로젝트 진행…협력할 것""
엔비디아,'AI 데이 코리아' 개최
AI 데이 코리아
[촬영 오지은]
(서울=연합뉴스) 오지은 기자 = ""한국은 이미 세계적 AI(인공지능) 허브이자 AI 커넥터 국가입니다.""
18일 서울 코엑스 그랜드볼룸에서 열린 엔비디아 'AI 데이 코리아' 행사에서 실파 콜핫카르 엔비디아 국가 AI 비즈니스 협력 총괄은 '한국의 소버린 AI 미래를 위한 지원' 연설에서 이같이 말했다.
콜핫카르 총괄은 ""한국은 26만개 엔비디아 그래픽처리장치(GPU)로 구축된 AI 백본(Backbone)을 보유한 국가""라면서 ""한국은 단순한 AI 소비자가 아니라 AI를 생산하는 국가""라고 규정했다.
그는 ""엔비디아는 한국이 세계적 AI 제조국이 되도록 파트너십을 확대할 것""이라고 말했다.
앞서 엔비디아는 젠슨 황 최고경영자(CEO)의 지난달 방한 당시 한국 정부와 삼성전자, SK그룹, 현대차그룹, 네이버클라우드 등에 GPU 26만장을 공급하기로 발표한 바 있다.
한국의 AI 생태계
[촬영 오지은]
콜핫카르 총괄은 한국의 소버린 AI 프로젝트를 언급하며 엔비디아가 이에 협력하겠다는 계획을 전했다.
그는 ""한국에서 13대 슈퍼컴퓨터와 11개 대형언어모델(LLM) 프로젝트가 진행 중""이라며 ""한국의 소버린 AI 모델은 국가 데이터로 국가 LLM을 만든다는 점에서 중요하다""라며 ""한국은 정부 서비스 영역에서도 AI가 문서와 정책을 빠르게 처리하고 원하는 답을 제공할 수 있다""라고 설명했다.
엔비디아에 따르면 한국의 AI 생태계에는 개발자 33만2천명, 엔비디아 인셉션 프로그램 참여 스타트업 780개, 생성형 AI 스타트업 130개가 있다.
이에 대해 콜핫카르 총괄은 ""(한국의 AI 생태계는) 단순한 성장이 아니라 국가 규모의 변혁이 이뤄지고 있다""라고 말했다.
아울러 콜핫카르 총괄은 향후 피지컬 AI가 에이전틱 AI를 이어 AI 산업의 새로운 패러다임이 될 것으로 내다보며 로보틱스 분야에서 한국의 가능성을 내세웠다.
콜핫카르 총괄은 ""엔비디아는 GPU 칩에서 플랫폼, 국가 규모의 AI 유틸리티로 확대하는 여정을 거쳐왔다""며 ""현재 에이전틱 AI가 인간과 협력해 추론, 계획, 행동하는 시대가 왔고 앞으로 로보틱스 중심의 피지컬 AI가 본격할 것이다""라고 진단했다.
그는 ""현실 세계와 동일한 디지털 트윈에서 로봇을 훈련한 뒤 실제 환경에 배포하는 구조가 피지컬 AI의 핵심이다""라며 ""한국의 로보틱스 생태계는 매우 빠르게 성장하고 있어 엔비디아도 적극적으로 지원하겠다""라고 말했다.
그러면서 ""몇주 전 한국에서 열린 로봇학회에서 혁신적인 로봇 스타트업 7곳이 모였다""라며 ""이들은 로봇 손, 4족 로봇 등 첨단 AI를 개발하는 등 한국 로봇 생태계의 발전 속도를 보여줬다""라고 평가했다.
콜핫카르 총괄은 ""한국은 STEM(과학·기술·공학·수학) 인재, 정부 전략, 산업 생태계가 모두 갖춰진 나라다""라며 ""한국은 세계를 매혹할 준비가 됐고, 엔비디아는 이 여정을 함께하게 된 것을 자랑스럽게 생각한다""고 덧붙였다.
built@yna.co.kr",연합뉴스,21시간 전
젠슨 황이 강조한 '피지컬 AI'는? 딥시크 충격 넘어 로봇 시대 연 중국 ...,https://n.news.naver.com/mnews/article/469/0000898320?sid=101,"AI와 물리적 기기 결합해 임무 수행
로봇 편의점, 군사용 로봇 등 개발 활발
'국가 주도 성장 전략'으로 미국 추격
'소프트웨어'와 '하드웨어' 동시 발전
편집자주
오픈AI가 챗GPT를 발표한 지 벌써 3년이 됐다. 생성형 AI는 익숙했던 일상과 산업 현장을 지금까지 겪어보지 못한 새로운 모습으로 빠르게 바꿔가는 중이다. 한국일보는 우리 곁에서 일어나고 있는 그 놀라운 변화들을 공유하고, 차세대 AI 기술이 보여줄 미래 모습을 전망해보는 기획시리즈를 준비했다.
12일 중국 베이징시 하이덴구의 로봇 편의점에서 로봇기업 갤봇의 G1이 무인편의점에서 커피를 만들고 있다. 베이징=이혜미 특파원
""여기는 전 세계 최초 인공지능(AI)으로 구동되는 로봇 편의점입니다.""
지난 12일 중국 베이징시 하이덴구 소재 '갤럭시 스페이스 캡슐' 편의점. 태블릿PC에서 음료를 고르고 QR코드로 결제하니 휴머노이드 로봇 G1이 분주하게 움직여 제품을 가져다 준다. 9.9위안(약 2,000원)의 커피를 주문하니 로봇은 즉석에서 따뜻한 커피를 만들어 플라스틱 뚜껑을 덮어 손님에게 건넨다. 이 편의점의 직원은 중국의 로봇 기업 갤봇이 개발한 G1. 지난 8월 열린 '로봇 올림픽'의 의약품 분류 경기에서 우승한 적도 있는 모델이다.
로봇이 주문한 물건을 알아서 찾아 사람처럼 서빙할 수 있는 것은 텍스트, 이미지, 오디오, 비디오 등 다양한 유형의 데이터를 한번에 이해해 학습·처리하는 멀티모달 AI를 적용한 결과다. 로봇은 AI와 결합해 공간 데이터를 읽고 운동 궤적을 제어하는 등 여러 데이터의 경계를  허물면서 전보다 더욱 인간같은 행동을 할 수 있게 됐다.
중국의 국영 방산 기업 '중국병기장비그룹'이 개발한 군사용 사족 보행 늑대 로봇. 주변 지형을 스캔하고 인간이 진입하기 어려운 구역에서 정찰과 표적 타격 임무를 맡는다. 중국중앙방송(CCTV) 캡처
생성형 AI 넘어 '피지컬 AI' 올인하는 중국
중국산 인공지능 딥시크는 고작 80억 원에 불과한 적은 비용으로 서구권에서 개발된 대규모 언어모델과 경쟁할 만한 생성형 AI 모델을 출시해 올해 초 전 세계에 쇼크를 줬다. 로이터 연합뉴스
올해 초 중국 AI 스타트업 딥시크가 전 세계 기술업계와 금융시장에 던진 충격은 오픈AI를 필두로 한 미국산 AI 업계에 던진 도전장이자 기술 패권 경쟁의 신호탄으로 여겨졌다. 고작 80억 원 수준에 불과한 적은 개발 비용으로 서구권에서 개발된 대규모언어모델(LLM)과 경쟁할 수 있을 정도의 생성형 AI 모델 V3를 출시하면서다.
그로부터 1년도 되지 않은 현재, 생성형 AI에서 확고한 존재감을 보여주며 자신감을 얻은 중국은 기존의 제조업 강점과 생성형 AI를 접목해 미래 AI 시대를 열게 될  '피지컬 AI'에 올인하고 있다. '피지컬 AI'는 AI가 로봇이나 차량 등 물리적 기기에 탑재돼 자율적으로 움직이며 작업을 수행하는 것을 의미한다. 젠슨 황 엔비디아 최고경영자(CEO)도 올해 1월 ""이제는 피지컬 AI 시대""라고 선언한 바 있다.
이미 중국은 AI가 가상공간을 넘어 현실 세계에 진출한 '피지컬 AI'의 시대에 진입했다. 중국 인민해방군은 대만 상륙훈련에 AI를 연계한 군사용 4족 보행 로봇인 '늑대 로봇'을 투입해 돌파로 확보, 엄폐물 제공, 장애물 제거 등의 임무를 맡겼다. 가전업체 로보락은 AI로 공간을 학습하고, 로봇팔로 물건을 정리하는 로봇청소기로 이미 세계 시장을 제패했다. 이달 초 전국체전 성화 주자로 로봇이 투입되는가 하면, 지난달 쓰촨성 청두에서는 '노인 돌봄 로봇 전시회'도 개막해 사람을 보조해 간호할 수 있는 기능을 선보였다. 올해 내내 중국 곳곳에서 열렸던 실험적인 휴머노이드 로봇 스포츠 경기도 이 같은 흐름과 무관하지 않다.
제조업 강국 + 국가 주도 성장 전략
지난 8월 14일 중국 베이징에서 열린 2025 세계 휴머노이드 로봇 게임 개막식에서 휴머노이드 로봇이 100m 경주에서 출발 준비를 하고 있다. 베이징=신화 뉴시스
미국이 오픈AI 등 민간 기업을 중심으로 AI 산업을 선도한다면, 중국은 '국가 주도 성장 전략'을 동원해 빠르게 선두 주자를 쫓아가고 있다. 특히 중국은 사람의 두뇌처럼 빠르게 사고·추론·연산하는 '소프트웨어' 측면은 물론이고, '제조업 강국' 역량을 동원해 뉴로모픽 반도체(인간의 신경계를 모방한 차세대 반도체)나 로보틱스 기술을 활용한 '하드웨어' 측면을 동시에 발전시켜 나가고 있다. 소프트웨어에 더 강점이 있는 미국의 경우 인간의 지능을 모방하거나 뛰어넘는 인공일반지능(AGI)이나 초인공지능(ASI)에 대한 논의가 활발하지만, 중국은 추상적 논의보다는 실제 눈에 보이는 피지컬 AI로 미래를 제시하고 있다.
이 같은 목표는 사회주의 국가이자 계획경제 체제인 중국이 목표를 명확하게 제시할 때 발표하는 '정부 문건'에서도 명확히 감지된다. 지난달 발표된 향후 5년(2026~2031)간 중국 경제 청사진인 '제15차 5개년 계획의 제정에 관한 건의' 전문에는 AI가 총 8번 언급되며 핵심 과제로 제시됐다. 올해 3월 개최된 양회에서는 일종의 국정과제인 정부공작보고에서 '
구신지능
(피지컬 AI의 중국식 표현)'을 중점 육성 분야로 명시했다. 휴머노이드 로봇, 자율주행 커넥티드카 등 AI를 결합한 제조업 분야의 경쟁력 강화도 주요 과제로 제시했다.
정부가 목표를 제시하니 학계가 선봉에 섰다. 중국은 규모가 큰 연구의 경우 매년 국가자연과학기금위원회(NSFC)와 과학기술부를 중심으로 발표하는 중점연구과제를 통해 연구 역량을 집중시킨다. AGI·ASI 같은 고도로 첨단화한 기술의 경우 민간 기업이나 개인이 연구하기 어려운 만큼, 국가가 목표를 제시하고 각 세부 분야의 연구를 할당해 과학자들이 각각의 과제를 해결하게 하는 식이다.
중국의 산업 생태계도 정부 목표를 중심으로 빠르게 재편되고 있다. '감각-운동-인지'가 분리되지 않고 통합적으로 작동하는 AI의 미래를 구현하기 위해 중국은 각 분야 선도 기업이 정부 지원을 기반으로 상용화를 가속화하며 분업 생태계를 구축해 나가고 있다. 가령 딥시크·문샷AI(키미)·즈푸 AI·알리바바(큐원)·바이트댄스(더우바오) 등 업체들이 LLM 등 AI의 '두뇌'를 개발하는가 하면, 유니트리·유비테크·즈위안로봇 등 로봇 업체는 AI를 로보틱스 기술과 결합해 '몸체'를 구현한다. 텐센트는 옆자리 동료처럼 알아서 업무를 수행하는 'AI 에이전트' 개발과 상용화에 박차를 가하고 있다. 화웨이나 캠브리콘 같은 반도체 기업이 최첨단 AI 반도체 개발에 매진하며, 미래 AI 패권 전쟁에 대비하고 있는 것은 이미 잘 알려진 사실이다.
백은혜 칭화대 집적회로학원 연구조교수는 ""챗GPT 등장 이후 컴퓨터 사이언스 연구 분야는 LLM 위주로 트렌드가 크게 바뀌었고, 중국 내 기업들과 협력 연구도 많이 발생하는 등 관심이 집중된 것을 체감한다""면서 ""AI 학계의 경우 중국의 논문 수가 양적으로도 월등하게 많은 데다, 질적으로도 미국에서 나오는 논문 수준에 크게 뒤떨어지지 않는 수준""이라고 평가했다. 다만 ASI 등 인간 수준을 뛰어넘는 수준의 최종형 AI의 도래에 관해서는 ""실제로 연구를 하는 입장에서는 인간과 비슷하거나 혹은 뛰어넘는 수준의 AI를 만들어내기 위해 10~20년 정도의 결코 짧지 않은 시간이 걸릴 것""이라면서 ""중국은 체제의 특수성을 살려 당장 사업성이 떨어지더라도 정부가 키를 쥐고 연구를 끌고 나가는 데에 강점이 있다""고 말했다.",한국일보,9면 TOP
"이데일리 AI 코리아 대상, 올해의 주역은 트웰브랩스·라이너·인터엑스",https://n.news.naver.com/mnews/article/018/0006167437?sid=105,"‘AI 코리아 대상 2025’ 성료
장관상 트웰브랩스·라이너·인터엑스
에이전트·AI서비스 두각…글로벌 약진 주목
“민관 협력으로 AI 1등 국가 목표”
[이데일리 권하영 기자] 올해 AI 코리아 대상에서 ‘AI 기술상(과학기술정보통신부 장관상)’은 엔비디아가 투자한 영상이해 초거대AI 스타트업 트웰브랩스가 수상의 영예를 안았다. ‘AI 적용상(산업통상부 장관상)’은 정보 검색에 특화된 대규모언어모델(LLM)을 보유한 라이너, ‘제조지능화 혁신상(중소벤처기업부 장관상)’은 자율 제조 전문기업 인터엑스가 수상했다.
[이데일리 노진환 기자] 2025 이데일리 AI 코리아 대상 시상식이 18일 서울 더플라자 호텔에서 열렸다. 이익원(뒷줄 왼쪽 세 번째) 이데일리 대표와 내빈들, 각 부문 수상자들이 기념촬영을 하고 있다. 뒷줄 왼쪽부터 김경만 과학기술정보통신부 인공지능정책실장, 박동일 산업통상부 산업정책실장, 이익원 이데일리 대표, 양승현 한국인공지능산업협회장, 박용순 중소벤처기업부 중소기업정책실장, 이상구 심사위원장.앞줄 왼쪽부터 이진수 셀렉트스타 COO, 김득화 펀진 대표이사, 양정모 라이너 COS, 정진우 트웰브랩스 사업개발이사, 박정현 인터엑스 CIO, 박용훈 엘리스그룹 사업총괄, 신기영 플리토 CSO.
이와 함께 ‘AI 혁신상(한국인공지능산업협회장상)’은 데이터 구축·가공·검증을 제공하는 셀렉트스타와 AI 교육·실습 플랫폼 기업 엘리스 그룹에, ‘사회적 책임상(이데일리 회장상)’은 국방 버티컬 AI 기업 펀진과 글로벌 언어 데이터 기업 플리토에 돌아갔다.
지원 기업 57%가 응용 기업…현장형 AI 주목
올해 6회째인 AI 코리아 대상은 이데일리와 한국인공지능산업협회가 2020년부터 한국 AI 산업을 이끌 기업·기관을 응원하기 위해 진행하는 행사다. 올해는 장관상 3곳, 협회장상 2곳, 이데일리 회장상 2곳 등 총 7개 부문에 50개 기업이 지원했다.
특히 지원 기업의 57%가 스마트팩토리 등 응용·서비스 기업이었고, AI 솔루션·모델 기업이 32%, 로봇모빌리티 기업이 12%로 이어져, 모델 개발 중심이던 초기 AI 기술 흐름이 보다 산업 현장형 AI로 진화하고 있음을 알 수 있었다.
이상구 심사위원장(서울대 컴퓨터공학과 교수)은 “에이전트 기술과 서비스 기업들의 등장, 글로벌로 사업 영역을 넓힌 기업들의 약진이 눈에 띄었다”며 “커머스·국방·헬스케어·콘텐츠·데이터 등 다양한 산업 분야에서 우리 기업이 AI 혁신을 견인하고 있음을 확인했다”고 진단했다.
이익원 이데일리 대표는 “AI 활용 역량을 갖춘 우수 기업을 시상하는 이 행사는 이데일리가 시대 변화를 읽고 산업 육성을 지원하겠다는 의지로 시작된 자리”라며 “AI 시대에는 협업 파트너로서 AI를 적극 활용하는 동시에 인간만의 창의성, 비판적 사고, 인문학적 통찰 등 대체 불가능한 능력을 함께 키워야 한다”고 강조했다.
[이데일리 노진환 기자] 2025 이데일리 AI 코리아 대상 시상식이 18일 서울 더플라자 호텔에서 열렸다. 이상구 심사위원장이 심사평을 하고 있다.
트웰브랩스·라이너·인터엑스, AI 혁신사례 소개
18일 더 플라자 호텔에서 개최된 이번 AI 코리아 대상에서는 시상식과 더불어 장관상 수상 기업들이 직접 발표를 맡아 각사 경쟁력을 자랑했다.
영상 콘텐츠를 이해·검색·분석하는 AI 기술이 세계적 경쟁력을 가진 것으로 평가된 트웰브랩스는 과기정통부 장관상을 수상했다.
정진우 트웰브랩스 이사는 “영상 이해의 한계를 해결하기 위해 검색·요약·질의응답까지 가능한 멀티모달 AI를 만들었다”며 이를 통해 북미 스포츠 구단의 하이라이트 영상 제작 시간을 30시간에서 9분으로 단축시킨 사례 등 글로벌 시장에서 미디어 엔터테인먼트, 광고 마케팅, 공공 보안 영역에도 자사 모델이 도입되고 있다”고 밝혔다.
산업부 장관상이 수여된 라이너는 근거 기반 답변을 제공하는 리서치 특화 LLM, 신뢰할 수 있는 AI 에이전트 서비스의 잠재력이 수상으로 이어졌다.
양정모 라이너 COS는 “라이너가 심플QA 벤치마크에서 챗GPT를 제치는 최고 정확성을 인정받았다”며 단순 검색을 넘어 연구용 AI 에이전트로 진화해 글로벌 1위 AI 에이전트 기업을 목표로 한다고 포부를 전했다.
중기부 장관상을 받은 인터엑스는 제조 공정 전반에 AI 솔루션을 적용, 제조 산업 AX를 위한 정부 노력에 적극 참여해온 점을 인정받았다.
박정현 인터엑스 CIO는 자사 자율 제조 솔루션을 적용한 자동차·바이오 공정에서 생산성 50% 향상, 불량 절반 감소, 수율 20% 증가 등 성과를 소개하며, 향후 제조를 넘어 인사·재무까지 확장하는 ‘엔터프라이즈 AX’를 발전시키겠다고 공언했다.
이 밖에 인공지능정보산업협회장상 수상 기업 2곳 중 셀렉트스타는 국내 최초 LLM 신뢰성 검증 솔루션으로 에이전트 시대에 대비하는 혁신성이 돋보였으며, 엘리스 그룹은 AI 교육 솔루션으로 해외 수출 경쟁력이 주목받았다.
사회적 책임상(이데일리 회장상) 수상 기업 2곳 중 펀진은 AI 기반 무기 추천과 임무 할당 등 국방 AI에 기여하고 있으며, 플리토는 전 세계 173개국 1400만 명에게 언어 데이터 구축 및 통번역 솔루션을 제공하는 등 앞으로가 기대된다.
[이데일리 노진환 기자] 2025 이데일리 AI 코리아 대상 시상식이 18일 서울 더플라자 호텔에서 열렸다. 김경만 과학기술정보통신부 인공지능정책실장이 축사를 하고 있다.
“IT붐 이어 AI붐 선도…AI 1등 국가 실현하자”
시상식에선 김경만 과기정통부 AI정책실장, 박동일 산업부 산업정책실장, 박용순 중기부 중소기업정책실장이 참석해 수상 기업들을 격려했다.
김경만 과기정통부 실장은 “정부는 현재 GPU 확보, 데이터센터 구축, 독자 파운데이션 모델 개발 등 AI 생태계 전반에 드라이브를 걸고 있으며, 생태계 구축 이후에는 AI 활용도를 높이는 것이 관건”이라며 “정부와 기업이 합심한다면 AI G3가 아닌 AI 1등 국가도 충분히 실현 가능하다”고 강조했다.
박동일 산업부 실장은 “정부 차원의 노력뿐 아니라 펀드와 금융, AI 기업들의 기술 역량이 비빔밥처럼 잘 버무려질 때 비로소 한국이 더 크게 도약할 수 있다”며 “2000년대 초반 IT 붐이 한국 산업을 끌어올린 것처럼 AI 붐에서도 대한민국이 선도 국가가 되도록 노력하겠다”고 언급했다.
박용순 중기부 실장은 “AI 논의가 한동안 GPU 같은 인프라에만 집중됐지만, 우리나라가 IT 강국으로 도약할 수 있었던 이유는 사실 인프라와 함께 애플리케이션 개발과 국민 활용도가 뒷받침됐기 때문”이라며 “앞으로도 세 부처가 함께 AI 활용 확산을 위해 최선을 다하겠다”고 약속했다.
한편 이날 행사에는 수상 기업 외에도 스테파니아 드루가 전 구글 딥마인드 연구과학자, 카렌 문 스팽글AI 공동 창립자 겸 CCO, 펠릭스 상 유니트리로보틱스 선임이사, 윌 폴킹혼 니드 대표, 엑스탈파이 리 링위 전략개발총괄 등 오는 19일 개최될 ‘이데일리 GAIF 2025’ 주요 연사들도 참석해 자리를 빛냈다. 행사장에는 해외 연사들에게 실시간 통역을 제공하는 스마트 글래스가 배치돼 눈길을 끌었다.
[이데일리 김정훈 기자]",이데일리,2시간 전
"[AI×소프트웨이브 2025] 프로텐, ProGenAI Platform으로 AI 업무 혁신 제...",https://n.news.naver.com/mnews/article/030/0003371648?sid=105,"프로텐, ProGenAI Platform
인공지능(AI) 기반 검색 솔루션 전문 기업 프로텐(대표 박재완)은 12월 3일 서울 강남구 삼성동 코엑스에서 열리는 '제10회 대한민국 소프트웨어 대전 'AI×소프트웨이브 2025'에 참가한다고 밝혔다.
'AI×소프트웨이브 2025'는 국내 ICT 산업의 최신 트렌드를 공유하고 산업별 AI·디지털 기술 적용 사례를 확인할 수 있는 대표 소프트웨어 전시회로, 올해에도 많은 기업과 참관객들의 관심이 집중될 것으로 예상된다.
프로텐은 이번 전시에서 '기업의 데이터를 가치로 바꾸는 ProGenAI Platform'을 주제로 전시 부스를 운영하며, 내부 데이터를 기반으로 신뢰할 수 있는 정보를 제공하는 RAG(검색증강생성) 솔루션을 선보인다. 특히 규정 관리, 협업, 업무 매뉴얼 등 다양한 업무 활용 사례(Use Case)를 중심으로 사용자가 실제 업무 상황에서 AI에게 질문하고 답변을 얻는 과정을 직접 체험할 수 있도록 구성해 큰 호응을 얻을 것으로 보인다. 참가자들은 응답 결과의 출처 확인 및 문서 뷰어를 통한 관련 문서 즉시 열람 기능을 부스에서 확인할 수있다.
생성형 AI 프로젝트를 도입하거나 검토 중인 참관객들은 회의록 자동 작성, Text to SQL, AI Agent 기능, LLMOps 기반 RAG 결과 실시간 확인 등 고도화된 기능 시연이 가능하다. 특히 문서의 의미·문단·문자 단위로 텍스트를 정교하게 나눠 처리하는 기술력은 높은 평가를 받을 것으로 보인다.
프로텐의 ProGenAI Platform은 GS인증 1등급을 획득하고 조달청 디지털 서비스 몰에 등록된 ProVSearch(생성형 AI 검색 솔루션)와 ProDocEye(문서 변환 및 뷰어 솔루션)이 통합되어 있다. 이를 통해 RAG 구현에 필요한 핵심 기능을 원스톱으로 제공하며, 자연어 기반 연속 질의응답, 의미 기반 벡터 검색, SVM 기반 형태소 분석을 통한 정교한 한글 검색을 지원한다. 또한 HWP, MS Office, PDF 등 다양한 비정형 데이터에 대한 질의응답과 문서 출처 표시 기능으로 정보의 신뢰성과 정확성을 강화했다.
아울러 ProGenAI Platform은 On-Premises 환경뿐 아니라 외부 LLM 연동을 지원해 급변하는 AI 기술 환경에도 유연하게 대응한다. OpenAI, Azure OpenAI, AWS Bedrock, Anthropic, Gemini 등 주요 LLM 제공자와 연동되며, GPT-OSS, Llama3, Qwen, DeepSeek 등 오픈소스 LLM을 직접 등록·관리하여 최적화된 모델 운영이 가능하다. 또한 월간 및 사용자별 토큰 사용량 제한 정책을 통해 비용 효율적인 운영이 가능하다.
프로텐 관계자는 “ProGenAI Platform은 단순한 AI 검색을 넘어 기업이 보유한 지식을 조직의 생산성 향상으로 연결하는 통합형 생성형 AI 플랫폼”이라며 “앞으로도 다양한 산업군에 최적화된 AI 업무 혁신 솔루션을 지속해 제공하겠다”라고 말했다.
한편, 프로텐은 최근 NIPA 주관 'AI 컴퓨팅자원 활용 기반 강화(GPU 임차 지원)' 사업에 선정되어, 산업 특화 LLM 구축 및 멀티모달 AI 기술 개발을 통해 한국형 Vision sLLM을 구현하는 정부 과제를 진행 중이다. 프로텐은 이번 연구개발 성과를 바탕으로 중소기업 대상 AI 솔루션을 지속 고도화하고, 향후 텍스트·이미지·음성·동영상 등 모든 데이터를 아우르는 차세대 통합 검색 플랫폼으로 확장할 계획이다.",전자신문,3시간 전
셋톱박스에 AI 탑재…IPTV '딥테크 동맹' 잇따라,https://n.news.naver.com/mnews/article/011/0004557323?sid=105,"KT, MS와 '소타K' 공동개발
LGU+도 '에너자이'와 협업
SKB는 코난테크 기술 적용
LG유플러스 직원이 IPTV ‘U+tv’의 음성 검색 기능을 소개하고 있다. 사진 제공=LG유플러스
[서울경제]
넷플릭스 등 온라인동영상서비스(OTT)에 밀려 성장 정체를 겪는 인터넷(IP)TV가 인공지능(AI) 신기술을 앞세워 반등을 꾀한다. 이동통신사들은 특히 마이크로소프트(MS)나 유망 스타트업과 적극 협력하며 모바일에 이어 IPTV 사업에서도 AI 협력을 늘리는 생태계 경쟁에 돌입했다.
18일 통신업계에 따르면
KT(030200)
는 이달 초 자사 IPTV 서비스 ‘지니TV’에 MS와 공동 개발한 대규모언어모델(LLM) ‘소타(SOTA) K’를 적용했다. 소타K는 KT가 MS와 추진 중인 2조 4000억 원 규모 파트너십의 일환으로 국내 시장을 겨냥해 오픈AI ‘GPT4o’ 모델에 한국어를 특화 학습시킨 모델이다. 한국 문화·역사·지리 등에 대한 이해도가 경쟁 모델들보다 높은 만큼 ‘지니TV AI 에이전트(비서)’ 성능도 한층 높일 수 있다는 게 KT 설명이다.
KT는 올 7월 자체 LLM 기반으로 업그레이드한 지니TV AI 에이전트를 선뵀다. 챗GPT처럼 뉴스 시청 도중 음성으로 시사 관련 질문에 답하고 간단한 묘사만 듣고도 콘텐츠를 찾아 추천해주는 대화형 서비스다. 자체 LLM에 이어 소타K 같은 고성능 모델을 추가해 에이전트의 답변 정확도를 높여나간다는 게 KT 계획이다. 이미지·영상까지 학습한 멀티모달(다중모델)도 이르면 연내 추가된다.
LG유플러스(032640)
는 이달 AI 최적화 솔루션 스타트업 에너자이와 IPTV 전용 온디바이스(내장형) AI 모델을 공동 개발해 신형 셋톱박스에 탑재했다. 온디바이스 AI는 LLM보다 규모가 작은 대신 데이터센터 연결 없이 기기 내부에서 연산을 수행해 보안을 높일 수 있는 기술이다. 특히 IPTV는 시청 기록 같은 개인정보를 다루는 만큼 외부 유출 우려가 없는 온디바이스 AI가 필수적이라는 게 LG유플러스 설명이다. 에너자이는 이를 위해 AI 성능을 유지하면서도 연산량을 줄일 수 있는 최적화 기술을 보유했다.
LG유플러스는 지난해 7월 자체 모델 ‘익시젠’을 온디바이스 모델로 셋톱박스에 탑재해 유튜브처럼 시청 기록을 바탕으로 개인 맞춤 콘텐츠 추천을 해주는 ‘초개인화’ 기능을 출시했다. 이어 에너자이 협력을 통해 음성 제어까지 온디바이스 AI 기능을 확대한 것이다. 이용자가 콘텐츠 시청 도중 음성만으로 재생 시각, 속도, 자막 등 설정을 조절할 수 있는 ‘말로 하는 설정’ 기능이다.
SK브로드밴드도 코난테크놀로지와 협력해 AI로 전체 영상 중 주요 장면만 추출한 하일라이트 영상을 자동 생성하는 기술을 IPTV ‘Btv’에 적용 중이다. 회사는 그밖에 지난달 셋톱박스에서 매일 데이터 22억 건을 분석해 Btv 품질 이상을 실시간 모니터링하는 기술 ‘아쿠아’를 도입하는 등 지속적으로 AI 기능을 고도화하고 있다.
3사는 AI 서비스 고도화로 실적 부진에 맞설 방침이다. 올해 3분기 3사 합산 IPTV 사업 매출은 1조 3466억 원, 가입자 수는 2196만 8000명으로 전년 동기 대비 0%대 성장에 그쳤다.",서울경제,14면 9단
"[단독] 아시아 최대 부호' 암바니, 이재용과 韓서AI논의한다",https://n.news.naver.com/mnews/article/025/0003483663?sid=101,"이재용(왼쪽), 무케시 암바니
‘아시아 최대 부호’ 무케시 암바니(68) 인도 릴라이언스그룹 회장이 삼성전자의 본진(本陣)인 수원 사업장을 방문한다. 5G·6G 통신장비 및 인공지능(AI) 데이터센터 분야 협력을 확대한다는 신호다. 암바니 회장과 오랜 인연을 맺은 이재용 삼성전자 회장의 ‘네트워크 경영’이 속도를 내고 있다.
18일 재계에 따르면 암바니 회장과 장남인 아카시 암바니(34) 릴라이언스 지오 인포컴 이사회 의장이 25일부터 1박2일 일정으로 방한한다. 부자(父子)는 방한 당일 오후 이 회장과 함께 삼성전자 수원 사업장에 들러 5G 통신장비 생산라인과 6G 통신기술 개발 현황을 둘러볼 예정이다. 암바니 회장이 삼성 사업장에 들르는 건 이번이 처음이다. 재계 관계자는 “암바니 부자가 직접 현장을 찾은 만큼 후속 계약으로 이어질 수 있다”고 말했다.
암바니 부자는 이후 서울 모처로 자리를 옮겨 이 회장과 만찬을 갖는다. 만찬에는 삼성전자 네트워크사업부장도 함께할 것으로 알려졌다. 네트워크 사업부는 중국 화웨이, 스웨덴 에릭슨, 핀란드 노키아와 경쟁한다.
이번 회동의 의미는 간단치 않다. ‘인도 진출의 알파와 오메가’로 불리는 거물 암바니 회장의 방한이라서다. 그는 ‘인구 대국’ 인도에서 에너지·통신 등 사업 분야에 진출해 최대 규모의 그룹을 이끈다. 세계 최대 규모 AI 데이터센터도 짓고 있다. 포브스에 따르면 암바니 회장의 재산은 1114억 달러(약 162조원) 규모다. 아시아 최고 부호(세계 15위)다. 젠슨 황 엔비디아 최고경영자(CEO), 마크 저커버그 메타 CEO, 순다르 피차이 구글 CEO도 인도에서 사업 기회를 잡기 위해 앞다퉈 그를 찾는다.
무케시 암바니 인도 릴라이언스그룹 회장(왼쪽)과 장남 아카시 암바니 릴라이언스 지오 인포컴 이사회 의장(오른쪽). [AP=연합뉴스]
릴라이언스그룹은 2012년부터 40조원을 투자해 인도 전역에 4G LTE 통신망을 깔았다. 여기에 삼성이 10년 넘게 통신장비를 단독 공급했다. 장남인 암바니 의장은 2022년부터 통신 계열사인 지오 의장을 맡았다. 지오는 지난 9월 말 기준 가입자 수가 5억600만 명(가입자 수 기준 세계 2위)에 달하는 초대형 통신사다.
━
깐부회동 이어 암바니 방한…삼성, AI 사업 새 동력 주목
최근 5G 통신장비로 전환 중이다. 중국과 정치 분쟁이 있는 인도는 일찌감치 화웨이 5G 장비를 거부했지만, 그 몫의 상당 부분은 에릭슨과 노키아에 돌아갔다.
릴라이언스그룹은 현재 인도 서부 구자라트주에 3기가와트(GW)급 데이터센터도 짓는 중이다. 개별 데이터센터로 세계 최대 수준이다. 지난주 인도 매체에 따르면 인도 남동부에 또 다른 GW급 데이터센터 건설도 계획 중이다. 인도 동·서에 릴라이언스그룹의 초대형 AI 데이터센터가 들어서는 만큼, 삼성전자로선 데이터센터용 5G·6G 통신 기술·장비를 대량 공급할 기회다.
최근 5G·6G 통신은 AI 데이터센터의 핵심 기술로 떠오르고 있다. AI 모델 크기가 커지고 대규모 용량의 서비스를 제공하면서다. 서버와 서버 사이, 외부와 데이터센터가 초고속으로 대용량 데이터를 주고받는 통신기술은 AI 성능과 직결된다. 지난달 엔비디아가 10억 달러를 투자해 노키아 지분 2.9%를 인수한 이유도 여기에 있다. 엔비디아는 AI 데이터센터에 6G 기술을 적용하기 위해 최근 수년간 에릭슨·노키아·T모바일 등 통신 장비·기술 회사들과 협력해 왔다. 삼성전자도 여기에 동참하고 있다. 삼성은 지난해 5G와 엔비디아 가속 컴퓨팅을 결합해 지능형 기지국(AI-RAN) 기술 검증에 성공했다고 발표하기도 했다.
중국 시장이 막힌 미국 빅테크 기업도 인도 릴라이언스그룹의 데이터센터에 뛰어들었다. 2020년 지오에 선제적으로 투자한 구글·메타는 각각 데이터센터 클라우드 운영, AI 모델 개발 분야에서 협업 중이다. 젠슨 황 엔비디아 CEO는 최신 블랙웰 AI 가속기를 공급하겠다고 밝혔다.
지난해 인도 뭄바이에서 열린 암바니 회장의 막내아들 결혼식에 인도 의상을 입고 참석한 이재용 삼성전자 회장. [중앙포토]
재계는 이번 회동을 계기로 삼성전자 네트워크 사업이 새로운 동력을 얻을지 주목하고 있다. 삼성 파운드리(반도체 위탁생산)가 테슬라로부터 대규모 AI 칩을 수주해 오랜 부진에서 벗어나기 시작한 것과 비슷한 맥락에서다. 일명 ‘JY(이재용) 네트워크’ 경영이 삼성전자의 사업 기회를 확대하고 있다는 평가다. 이 회장은 암바니 회장의 자녀 3명 결혼식에 국내에서 유일하게 초대받아 참석했다. 2019년 암바니 의장이 결혼할 당시 인도식 터번을 두르고 참석한 모습이 화제가 됐다.
이 회장은 2023년 일본 출장길에서 기자들과 만나 “살아보니까 친구는 많을수록, 적은 적을수록 좋다”고 말했다. 이 회장이 오랜 기간 세계 각국 정·재계 인사와 맺은 인맥은 삼성의 또 다른 경쟁력으로 작용했다. 지난해 이후에만 젠슨 황 CEO, 마크 저커버그 메타 CEO, 손정의 소프트뱅크그룹 회장, 샘 올트먼 오픈AI CEO, 레이 쥔 샤오미 회장, 올라 칼레니우스 메르세데스-벤츠 회장 등을 잇따라 만났다.
최근 서울 삼성동 치킨집에서 젠슨 황 CEO와 ‘깐부(친구라는 뜻의 속어) 회동’을 한 뒤 품귀현상을 빚는 엔비디아 그래픽처리장치(GPU) 5만 장을 ‘입도선매’한다고 발표하기도 했다. 일론 머스크 CEO와 영상회의 후 테슬라 AI 칩을 수주하는 성과도 냈다. 이 회장이 모하메드 빈 자이드 알 나흐얀 아랍에미리트(UAE) 대통령과도 오래 교류해 온 만큼 UAE에서도 AI 데이터센터 협력을 논의할 가능성이 있다. 삼성 관계자는 “삼성전자가 해외에서 대형 계약을 따내는 과정에서 ‘JY 네트워크’가 큰 역할을 한 경우가 많다”고 설명했다.
☞ 더중앙플러스 ‘더 리치’에서 무케시 암바니 회장의 남다른 자식 교육법을 확인할 수 있습니다.
“용돈 81원”놀림받던 거지, 이재용도 달려간 가문 아들이었다
https://www.joongang.co.kr/article/25289131",중앙일보,A1면 1단
클라우드플레어 장애…챗GPT·X 등 다수 한때 접속 안돼(종합2보),https://n.news.naver.com/mnews/article/001/0015750178?sid=105,"3시간여 장애로 주요 인터넷 서비스 먹통…특정 웹페이지 트래픽 급증이 원인
클라우드플레어
[AP=연합뉴스 자료사진]
(서울·샌프란시스코=연합뉴스) 한상용 조성미 기자 권영전 특파원 = 웹 인프라 기업 클라우드 플레어가 네트워크 장애를 일으켜 챗GPT와 엑스(X·구 트위터)를 포함한 다수 서비스가 한때 중단됐다.
클라우드플레어는 오후 8시 48분(한국시간) 내부 서비스의 성능 저하가 발생하기 시작했다고 18일 밝혔다.
주요 웹사이트의 장애를 모니터링하는 '다운디텍터'도 오후 8시30분께부터 클라우드플레어를 비롯해 대다수 사이트에서 장애 보고가 급증했다는 모니터링 결과를 게시했다.
클라우드플레어는 웹사이트가 원활하게 운영되도록 지원하고 온라인 위협에서 보호하는 인프라를 제공하는 기업이다.
전 세계 인터넷 트래픽의 약 5분의 1이 클라우드플레어의 네트워크를 거치기 때문에 여기에 문제가 생기면 대규모 인터넷 장애가 발생하게 된다.
다운디텍터는 같은 시간 장애를 일으킨 서비스로 오픈AI의 챗GPT와 X, 구글, 유튜브, 페이스북, 아마존 등과 온라인게임 리그오브레전드, 클라우드 서비스인 아마존웹서비스(AWS), 마이크로소프트 애저 등이 포함됐다고 전했다.
가상화폐 거래소 코인베이스와 무디스 신용평가 서비스도 장애를 겪었고 미국 뉴저지 교통국의 일부 디지털 서비스도 중단 또는 지연됐다고 AP통신은 전했다.
챗GPT
[EPA=연합뉴스 자료사진. 재판매 및 DB 금지]
연합뉴스가 각 온라인 사이트에 접속해 확인한 결과 이날 오후 11시 20분까지도 챗GPT와 X는 물론 온라인 게임 '리그 오브 레전드' 접속이 한때 불가능했다.
다만, 수십 분 뒤 챗GPT와 X 등 일부 사이트는 접속이 다시 가능한 것으로 확인됐다.
오후 11시30분 이후부터 대시보드 서비스를 복구하는 수정사항을 배포한 클라우드 플레어는 약 10분 뒤인 오후 11시42분께 ""수정사항이 적용됐고 사고가 현재 해결된 것으로 판단한다""고 공지했다.
다만 이후에도 일부 문제가 남아 19일 0시 40분에도 서비스 복구에 계속 집중하고 있으며, 배포 후 남은 문제를 해결하고 있다고 밝히고 있다.
다운디텍터도 클라우드플레어 관련 장애 보고가 18일 오후 11시 14분 1만1천여 건으로 정점을 찍은 이후 19일 오전 1시 현재는 1천700건대로 줄어들었다고 표시하고 있다.
클라우드플레어 관계자는 블룸버그 통신에 ""협정세계시 기준 11시20분(한국 시간 18일 오후 8시20분)부터 한 서비스로 유입되는 비정상 트래픽이 급증하는 것을 확인했다""며 ""이로 인해 클라우드플레어 네트워크를 통과하는 일부 트래픽에 오류가 발생했다""고 설명했다.
다만 이번 사태의 원인이 된 트래픽 급증의 원인은 아직 파악되지 않았다고 덧붙였다.
gogo213@yna.co.kr",연합뉴스,11시간 전
"구글, ‘제미나이 3’ 공개…오픈AI와AI패권 경쟁 격화 [종목+]",https://n.news.naver.com/mnews/article/015/0005213143?sid=104,"제미나이 3, 구글 서비스 전반에 순차 적용
""맥락과 의도를 파악하는 능력 강화""
사진=REUTERS
구글이 18일(현지시간) 차세대 인공지능(AI) 모델 ‘제미나이 3’를 공개했다. 제미나이 2.5 발표 8개월 만이며 오픈AI가 GPT-5를 출시한 지 석 달 만으로, AI 시장의 주도권 경쟁이 다시 뜨거워지고 있다.
순다르 피차이 알파벳 최고경영자(CEO)는 이날 블로그 글에서 “제미나이 3은 복잡한 질문에도 최소한의 프롬프트로 원하는 답을 얻을 수 있도록 설계됐다”며 “이제 구글의 규모에서 제미나이를 제공한다”고 밝혔다.프롬프트란 AI에 주는 질문·지시·명령문을 뜻한다.
구글은 제미나이 3을 제미나이 앱과 AI 모드, AI 오버뷰, 기업용 서비스 등 주요 제품군 전반에 투입한다. 적용은 이날부터 일부 유료 구독자를 대상으로 시작되며, 몇주 내 일반 사용자로 확대된다.
구글에 따르면 제미나이 앱 월간 활성 이용자는 6억5000만 명, AI 오버뷰는 월간 20억 명에 이른다. AI 오버뷰는 구글이 검색 결과에 적용하고 있는 AI 기반 요약·정리 기능이다. 오픈AI는 지난 8월 챗GPT 주간 이용자가 7억 명에 달한다고 밝힌 바 있어 양측의 경쟁 구도가 더욱 뚜렷해지고 있다.
피차이 CEO는 제미나이 3가 맥락과 의도를 파악하는 능력이 강화됐다며 “보다 깊고 섬세한 요구까지 이해하도록 업그레이드됐다”고 설명했다.
구글의 인공지능 연구 조직인 딥마인드의 데미스 하사비스 CEO는 “제미나이 3은 진부한 칭찬이나 형식적인 답변이 아니라, 사용자가 실제로 필요로 하는 정보를 제시하는 방향으로 설계됐다”고 말했다. 최근 AI 챗봇이 지나치게 아첨성 반응을 보인다는 업계 비판을 의식한 발언으로 풀이된다.
딥마인드는 2010년 영국에서 설립된 인공지능 연구소로 2014년 구글이 인수했다. 바둑 AI ‘알파고’를 개발하며 세계적 주목을 받았고, 현재는 구글 내 대규모 AI 모델 연구와 기초 연구를 담당하는 핵심 조직이다.
구글은 이날 제미나이 3과 함께 새로운 개발 플랫폼 ‘구글 안티그래비티’도 발표했다. 개발자가 작업 단위에서 코드를 자동 생성할 수 있도록 해주는 도구로, 최근 확산 중인 ‘프롬프트 기반 코딩(일명 바이브 코딩)’ 시장을 겨냥한 서비스다.
조시 우드워드 구글 랩스 부사장은 제미나이 3가 “구글이 개발한 모델 가운데 가장 뛰어난 코드 생성 능력을 갖췄다”고 강조했다.
구글은 제미나이 3가 단순 텍스트 기반의 답변을 넘어 이미지와 표, 그리드 등을 활용하는 생성형 인터페이스를 제공한다고 밝혔다. 예컨대 ‘반 고흐 갤러리를 작품 배경과 함께 설명해달라’는 요구에 디지털 매거진 형태의 시각적 콘텐츠를 생성하는 방식이다.
AI 모드에서도 제미나이 3은 인터랙티브 대출 계산기 제작, 복잡한 물리 문제 시뮬레이션 구성 등 다양한 형태의 시각적 응용을 지원한다.
기업 고객은 제미나이 3을 활용해 직원 교육자료 자동 생성, 영상 분석 정밀도 향상, 공장 이미지 분석, 조달 업무 자동화 등 다양한 업무 개선이 가능하다. 개발자는 제미나이 API를, 기업은 구글 클라우드의 버텍스 AI를 통해 제미나이 3을 연동할 수 있다.
구글과 메타, 마이크로소프트, 아마존 등 주요 빅테크 기업은 최근 AI 인프라 투자를 크게 확대하고 있다. 4개 사의 올해 총 자본지출 규모는 3800억 달러를 넘어설 것으로 전망된다. 오픈AI는 지난주 GPT-5 모델의 성능 업데이트를 연달아 발표했다.",한국경제,5시간 전
AI고평가 논란 여파로 4거래일째 약세…엔비디아 2.81%↓[뉴욕증시],https://n.news.naver.com/mnews/article/024/0000101414?sid=101,"뉴욕증권거래소 트레이더 (사진=연합뉴스)
인공지능(AI) 관련 기업의 주가가 고평가됐다는 논란이 이어지는 가운데 18일(현지시간) 뉴욕증시가 일제히 하락했다.
이날 뉴욕증시에서 다우존스30 산업평균지수는 전장 대비 498.5포인트(-1.07%) 떨어진 4만6091.74에 마감했다. 스탠더드앤드푸어스(S&P)500 지수는 55.09포인트(-0.83%) 내린 6617.32를 기록했고 기술주 중심의 나스닥 종합지수는 275.23포인트(-1.21%) 하락한 2만2432.85로 장을 마쳤다. 이로써 S&P500 지수 기준 뉴욕증시는 4거래일 연속 약세 흐름을 이어갔다.
AI 관련주의 고평가 우려가 해소되지 않은 가운데 미 연방준비제도(Fed·연준)가 12월 기준금리를 동결할 것이라는 전망이 확산하면서 기술주 중심의 매도세가 강화됐다. 개장 전 비트코인 가격이 장중 9만달러 아래로 떨어진 것도 투자심리를 더욱 위축시켰다.
AI 대표주인 엔비디아는 2.81% 하락했고 마이크로소프트(MS·-2.7%), 아마존(-4.43%) 등 주요 빅테크 종목도 일제히 큰 폭으로 내려앉았다. 엔비디아는 19일 장 마감 후 3분기 실적을 발표할 예정이다. 페이스북 모회사 메타(-0.72%)는 미국 규제당국이 제기한 반독점 소송에서 승소하며 낙폭을 줄였지만 상승 전환에는 실패했다. AMD(-4.25%), 마이크론(-5.56%) 등 주요 반도체 종목도 약세를 기록했다.
오픈AI 경쟁사인 엔트로픽이 MS와 전략적 파트너십을 체결하고 300억달러 규모의 MS 클라우드 서비스를 구매한다고 밝혔으나 AI 관련 투자심리를 되돌리기에는 역부족이었다.
대형 유통업종도 부진했다. 홈디포는 연간 실적 전망을 하향 조정하며 6.02% 급락했고 실적 발표를 앞둔 월마트(-1.52%) 등 다른 유통 대기업 역시 약세로 마감했다. 이날 챗GPT, 엑스(X·옛 트위터) 등 다수 플랫폼 접속 오류의 원인으로 지목된 웹 인프라 기업 클라우드플레어는 2.83% 떨어졌다.
도널드 트럼프 미국 대통령 일가가 소유한 트루스소셜의 모회사 트럼프 미디어는 6거래일 연속 약세를 이어가며 10.73달러로 하락해 상장 후 최저가를 새로 썼다.
시장에서는 19일 예정된 엔비디아 실적 발표와 20일 공개되는 9월 고용보고서가 향후 투자심리 향방을 가늠할 핵심 변수로 꼽힌다.",매경이코노미,3시간 전
"""30조원 효과""…삼성·LG·SK, UAEAI시장 총출동",https://n.news.naver.com/mnews/article/003/0013608920?sid=101,"아부다비에 세계 최대 규모 AI 데이터센터
반도체·냉각솔루션 등 AI 인프라 협력 확대
[아부다비=뉴시스] 최동준 기자 = 이재용 삼성전자 회장, 정의선 현대차그룹 회장, 허용수 GS에너지 대표이사, 류진 한국경제인협회 회장이 18일(현지 시간) 아부다비 카사르 알 와탄 대통령궁에서 열린 이재명 대통령 아랍에미리트(UAE) 국빈 방문 계기 '문화, UAE와 한국을 잇다' 한-UAE 문화교류 행사에서 박수치고 있다. 2025.11.18. photocdj@newsis.com
[서울=뉴시스]이현주 기자 = 이재명 대통령의 아랍에미리트(UAE) 방문을 계기로 UAE 인공지능(AI) 시장에 대한 한국 기업들의 기대감이 커지고 있다.
19일 재계에 따르면 이 대통령은 18일(현지시간) 모하메드 빈 자이드 알 나흐얀 UAE 대통령과 정상회담을 갖고 AI를 포함한 첨단 기술 분야의 협력을 강화하기로 했다.
AI, 우주산업 등 첨단기술을 중심으로 협력을 심화하는 데 초점을 맞춘 7건의 양해각서(MOU)도 체결했다.
구체적으로 AI 인프라 구축 등 AI 분야의 포괄적 협력을 위한 '한-UAE 전략적 AI 협력 프레임워크'과 'AI 분야 협력에 관한 MOU' 등의 문서를 채택했다.
대통령실이 밝힌 AI 분야 경제적 효과는 200억 달러(약 29조원)에 달한다.
UAE는 수도 아부다비에 세계 최대 규모 AI 인프라를 구축하는 'UAE 스타게이트 프로젝트'를 진행하고 있다. 초기 투자만 30조원 규모에 이르는 초대형 사업이다.
특히 삼성, LG, SK 등 국내 주요 기업들의 참여가 기대된다.
UAE는 대규모 AI 데이터센터를 건설하고, 이를 안정적으로 운영하기 위한 원전, 가스, 재생에너지 등을 함께 활용하는 전력망을 구축함과 동시에 반도체 공급망 협력을 확대하는 대형 프로젝트를 추진한다.
또 데이터 기반 피지컬 AI를 활용해 보다 효율적인 자동화, 지능화된 항만을 구현하는 '피지컬 AI 기반 항만·물류 프로젝트' 등을 함께 진행할 것으로 보인다.
삼성전자는 AI 시스템 인프라를 위한 메모리 반도체 협력을 확대할 수 있다. 스마트시티 통신망 구축, 가전을 비롯한 스마트홈 시장 등에도 본격 참여할 전망이다.
LG전자는 AI데이터센터에 필수적인 냉각솔루션 공급에 확대할 것으로 보인다. 앞서 사우디아라비아와 네옴시티에 만들어질 중동 최대 규모 넷제로 AI 데이터센터에 냉각솔루션을 공급하는 전략적 파트너 협력 업무협약을 체결하기도 했다.
SK 역시 클라우드·데이터센터 운영 및 AI 인프라 구축 등에 협력을 확대할 가능성이 크다.
이날 UAE에서 열리는 비즈니스 라운드 테이블(BRT)에는 이재용 삼성전자 회장을 비롯해 정의선 현대차 회장, 김동관 한화 부회장, 조주완 LG전자 대표이사 사장, 유영상 SK수펙스추구협의회 AI위원회 위원장 등이 참석한다.
국내 주요 기업인들과 중동 기업인들의 협력 의지를 확인하는 자리로, 이 대통령도 참석할 예정이다．",뉴시스,2시간 전
"EU 이번엔 아마존·MS클라우드정조준…""DMA 적용 여부 결정""(종합)",https://n.news.naver.com/mnews/article/001/0015750179?sid=104,"'美의존 과도' 우려 속 베를린에선 '유럽 디지털 주권 정상회의'
마크롱 ""유럽, 미중 의존하는 '종속국' 돼선 안돼…대안 찾자""
아마존웹서비스(AWS) 로고
[AFP 연합뉴스 자료사진. 재판매 및 DB 금지]
(브뤼셀=연합뉴스) 현윤경 특파원 = 유럽연합(EU)이 클라우드 서비스를 제공하는 아마존웹서비스(AWS)와 마이크로소프트(MS) '애저'에 좀 더 엄격한 규정을 적용해야 하는지를 놓고 조사하고 있다고 밝혔다.
테레사 리베라 EU 청정·공정·경쟁 담당 부집행위원장은 18일(현지시간) ""클라우드 컴퓨팅서비스는 유럽의 경쟁력과 회복력에 매우 중요하다""며 ""이 전략적 부문이 공정하고 개방적이며 경쟁적인 조건에서 성장하길 원한다""고 말했다.
이어 ""이런 까닭에 두 거대 미국 기술 기업에 EU의 디지털시장법(DMA)의 의무를 적용해야 하는지를 들여다보고 있다""고 설명했다.
EU 집행위원회는 이 두 업체에 대한 종전 평가에 대해 ""애저와 AWS의 클라우드 컴퓨팅 서비스가 기업·소비자와 관련해 매우 강력한 입지를 차지하고 있음을 시사하는 것으로 보인다""고 이날 밝혔다.
작년 3월부터 전면 시행된 DMA는 거대 플랫폼 사업자의 시장 지배력 남용을 방지하고자 일정 규모 이상인 플랫폼 사업자를 '게이트 키퍼'로 지정, 불공정 행위를 금지하는 등 특별 규제하는 법이다. 위반으로 결론 나면 전 세계 매출의 최대 10％의 과징금이 부과된다. 현재 애플을 포함해 7개 기업이 게이트 키퍼로 지정됐는데 이 가운데 5개가 미국 기업이다.
앞서 EU는 지난 13일에도 '스팸 방지 정책'을 내세워 자사 검색 결과에서 언론사와 뉴스 매체를 부당하게 대우했는지를 DMA에 따라 살펴보겠다며 미국 빅테크 구글에 대한 공식 조사 개시 사실을 밝힌 바 있다.
18일 독일 베를린에서 열린 '유럽 디지털 주권 정상회의'
[로이터 연합뉴스 재판매 및 DB 금지]
AWS와 애저를 겨냥한 EU의 이날 발표는 유럽 23개국의 정치인과 각료, 테크 분야 전문가와 관계자들이 독일 베를린에서 '유럽의 디지털 주권'을 놓고 모이는 날에 맞춰 이뤄졌다.
헤나 비르쿠넨 EU 기술주권 담당 수석 부집행위원장은 '유럽 디지털 주권 정상회의'로 명명된 이날 행사 개막식에서 ""유럽의 목표는 매우 단순하다. 인공지능(AI)과 첨단 기술 분야에서 따라가는 것이 아니라 주도하기를 원한다""며 ""우리에겐 시장과 인재, 야망이 있으며 이제 투자와 혁신, 규모를 실현해야 한다""고 강조했다.
이날 행사에는 프리드리히 메르츠 독일 총리와 에마뉘엘 마크롱 프랑스 대통령도 참석했다.
마크롱 대통령은 기조연설에서 글로벌 거대 테크 기업들에 대한 의존을 줄이고 유럽의 대안을 모색해야 한다고 촉구했다.
마크롱 대통령은 유럽이 미국, 중국 기술 기업에 의존하는 '속국'(vassal)이 되는 것을 원치 않는다며 ""공공 조달을 시작으로 '유럽 우선주의'가 우리의 주된 원칙이 돼야 한다고 강력하게 믿는다""고 강조했다.
한편, 독일 dpa통신은 이날 행사의 초점은 클라우드 컴퓨팅과 정부·기업 데이터 저장을 위해 유럽이 안전한 자체 인프라를 어떻게 개발할지에 맞춰질 것이라고 보도했다.
dpa는 또한 독일 정부 소식통을 인용해 컴퓨팅 인프라와 양자 기술, 보건, 국방 및 드론 등 다방면에서 독일, 프랑스 기업 간 협력과 투자에 대한 다수의 발표가 나올 것이라고 덧붙였다.
ykhyun14@yna.co.kr",연합뉴스,10시간 전
"빅테크, '빚내야AI빛난다'…아마존도 채권 발행 대열에",https://n.news.naver.com/mnews/article/001/0015747726?sid=104,"17조6천억원 규모 회사채 발행…오라클·메타·알파벳 뒤이어
[로이터=연합뉴스 자료사진. 재판매 및 DB 금지]
(샌프란시스코=연합뉴스) 권영전 특파원 = 거대 기술기업들이 인공지능(AI) 인프라 투자를 위해 줄줄이 거액의 채권을 발행하는 가운데 아마존도 이에 동참했다.
아마존은 회사채를 발행해 약 120억 달러(약 17조6천억원)를 조달하기로 했다고 블룸버그 통신이 소식통을 인용해 17일(현지시간) 보도했다.
아마존은 6개 구간으로 나눠 채권을 발행하며 만기가 가장 긴 40년물 채권의 금리는 미 국채 대비 1.15%포인트(P) 높은 수준을 적용할 것으로 알려졌다.
아마존은 이를 통해 조달한 자금을 기업 인수와 자본지출, 자사주 매입 등 다양한 용도로 사용할 것으로 알려졌다.
특히 클라우드 서비스를 위한 AI 인프라 투자에 상당 부분이 소요될 것으로 예상된다.
아마존웹서비스(AWS)를 운영하는 아마존은 클라우드 분야 세계 1위 업체이지만, 마이크로소프트 애저와 구글 클라우드 등과 경쟁이 격화하고 있다.
아마존은 이달 초 오픈AI에 엔비디아의 그래픽처리장치(GPU) 수십만 개를 탑재한 컴퓨팅 인프라를 7년간 공급하는 380억 달러 규모 계약을 체결한 바 있다.
아마존 데이터센터의 용량은 2022년과 비교해 갑절로 늘었다. 앤디 재시 아마존 최고경영자(CEO)는 이 용량이 2027년까지 다시 두 배로 증가할 것이라고 전망한 바 있다.
이번 채권 발행 주관사로는 골드만삭스 그룹과 JP모건체이스, 모건스탠리가 선정됐다.
아마존이 채권 발행으로 자금을 조달한 것은 2022년 11월 이후 3년 만이다.
아마존은 AI 투자를 늘리면서 올해 자본 지출이 1천250억 달러(약 183조원)에 이를 것으로 예상되고, 내년 자본지출도 1천470억 달러에 달한다는 것이 분석가들의 전망이다.
내년 자본지출은 2023년과 비교해 약 3배 늘어난 수치라고 블룸버그는 지적했다.
미국 버지니아주 애시번에 위치한 아마존웹서비스(AWS)의 데이터센터. [EPA=연합뉴스 자료사진]
거대 기술기업들은 최근 들어 AI 인프라 구축을 위해 연이어 채권 시장의 문을 두드리고 있다.
오라클은 지난 9월 180억 달러를 채권 시장을 통해 조달했고, 메타도 지난달 300억 달러의 회사채를 발행했다.
구글의 모회사 알파벳은 지난 4월 유럽에서 65억 유로의 채권을 발행한 데 이어 이달 초에 다시 총 250억 달러 규모의 회사채를 미국과 유럽 시장에 내놨다.
이들 기업은 현금 동원력도 뛰어나지만, 데이터센터 신설과 컴퓨팅 파워 확보에 드는 비용이 천문학적인 수준이다 보니 빚까지 동원해야 경쟁에서 우위에 설 수 있다고 판단하는 것으로 보인다.
마크 저커버그 메타 CEO는 최근 실적 공개 이후 ""우리가 과소 투자하지 않고 있다는 점을 확실히 하고 싶다""며 ""(데이터센터) 용량을 공격적으로 선행 구축하는 것이 올바른 전략""이라고 말한 바 있다.
JP모건체이스는 AI 투자를 위한 채권 발행이 늘어나면서 내년 미국 고등급 채권시장이 사상 최대인 1조8천100억 달러까지 늘어날 것으로 전망한다.
comma@yna.co.kr",연합뉴스,1일 전
클라우드플레어 장애…X·챗GPT·LOL 등 서비스 다수 중단(상보),https://n.news.naver.com/mnews/article/421/0008612206?sid=104,"클라우드플레어 로고. 2025.01.20. ⓒ 로이터=뉴스1 ⓒ News1 윤다정 기자
(서울=뉴스1) 윤다정 기자 = 18일(현지시간) 웹 인프라 기업 클라우드플레어 장애 발생으로 X(구 트위터), 챗GPT, 온라인 게임 '리그 오브 레전드' 등의 서비스가 다수 중단됐다.
로이터·뉴욕타임스(NYT)에 따르면, 웹 인프라 기업인 클라우드플레어는 이날 오전 글로벌 네트워크에 문제가 발생해 많은 웹사이트와 앱 서비스에 혼란이 생기고 있다고 밝혔다.
클라우드플레어는 미 동부 기준 오전 7시쯤 상태 업데이트를 통해 ""다수 고객에게 영향을 줄 수 있는 문제를 인지하고 있으며 조사를 진행 중""이라며 ""전체적인 영향을 파악하고 이 문제를 완화하기 위해 작업 중""이라고 밝혔다.
이어 20여분 후 ""서비스가 복구되는 모습을 확인하고 있지만, 복구 작업이 계속되는 동안 고객들은 평소보다 높은 오류율을 계속 목격할 수 있다""고 추가 공지했다.
클라우드플레어의 문제로 인해 여러 온라인 서비스가 영향을 받은 것으로 보인다.
온라인 장애 추적 사이트 다운디텍터에 따르면 일론 머스크 테슬라 CEO(최고경영자)가 소유한 소셜미디어 X, 게임 '리그 오브 레전드', 음악 감상 플랫폼 스포티파이, 아마존, 오픈AI의 챗GPT 등이 장애를 겪고 있는 것으로 보고됐다.
이날 클라우드플레어 주가는 뉴욕증시 장전 시간외거래에서 4.1% 하락했다.
앞서 지난달 20일에는 아마존웹서비스(AWS) 서버에 문제가 발생해 AWS 기반 온라인 서비스들이 약 3시간 동안 대규모 중단 사태를 겪었다.",뉴스1,14시간 전
"코스콤, 금융클라우드기반AI서비스 소개",https://n.news.naver.com/mnews/article/008/0005279531?sid=101,"코스콤은 오는 26일부터 금융위원회가 주최하는 코리아 핀테크 위크 2025에 참가해 금융 클라우드 기반 AI(인공지능) 서비스와 토큰증권(STO) 공동 발행 플랫폼을 소개할 계획이라고 18일 밝혔다.
코스콤은 이번 행사에서 AI 기술 기반 상담 시스템, 토큰증권 공동 발행 플랫폼, 금융 클라우드 기반 데이터 플랫폼 등을 선보일 예정이다.
코스콤은 금융권에 특화된 AI 서비스 도입 사례와 보안, 규제 대응 전략을 공유하고 음성·텍스트·이미지 등 다양한 데이터를 처리하는 멀티모달 기반 생성형 AI 서비스 방향성도 제시한다.
코스콤 토큰증권 공동 발행 플랫폼은 8개 증권사가 참여 중이다. 코스콤은 이번 행사에서 토큰증권 발행 인프라와 공동 플랫폼의 기술적 안정성, 제도 대응 현황 등을 소개한다.
김성덕 코스콤 디지털사업본부 본부장은 ""이번 행사는 토큰증권 시대 도래와 AI 금융 혁신의 흐름을 한자리에서 확인할 기회""라며 ""코스콤은 금융 생태계 혁신을 위해 지속해서 노력하겠다""고 밝혔다.",머니투데이,1일 전
"""테슬라 비켜""…GM,자율주행탑재車 국내 첫 출시",https://n.news.naver.com/mnews/article/018/0006167565?sid=103,"플래그십 전기 SUV '캐딜락 에스컬레이드 IQ' 20일부터 판매
GM 주행보조시스템 '슈퍼크루즈' 탑재…핸즈프리 운전 가능
LG엔솔 배터리 탑재 739km 주행 가능…가격 2억7757만원
[이데일리 정병묵 기자] 캐딜락이 브랜드의 플래그십 SUV ‘에스컬레이드’를 순수 전기 모델로 새롭게 재해석한 ‘에스컬레이드 IQ’를 국내에 공식 출시하고 20일부터 본격적인 판매에 돌입한다.
1998년 1세대 출시 이후 전 세계 100만대 이상 판매된 에스컬레이드는 독보적인 디자인과 기술력을 통해 럭셔리 SUV의 기준으로 자리잡았다.
제너럴모터스(GM) 한국사업장 최고마케팅책임자(CMO) 겸 커뮤니케이션 총괄 윤명옥 전무는 “전동화 시대에도 변함없는 캐딜락의 가치와 에스컬레이드의 본질을 고객들이 직접 경험하는 것은 물론, 한국 소비자들에게 브랜드의 최첨단 기술과 새로운 드라이빙 경험을 제공할 것으로 기대한다”고 전했다.
캐딜락 ‘에스컬레이드 IQ’
캐딜락 ‘에스컬레이드 IQ’
캐딜락 ‘에스컬레이드 IQ’
에스컬레이드 IQ는 국내에 최초로 소개되는 풀사이즈 전기 SUV로 전장 5715mm, 휠베이스 3460mm에 달하는 압도적인 스케일과 공간감을 자랑한다.
국내에서 판매 중인 전기 SUV 중 최장 길이를 자랑하는 에스컬레이드 IQ는 GM의 혁신적인 전기차 아키텍처 설계를 통해 기존 내연기관 모델이 지닌 여유로운 실내공간을 유지한다. 또한, 길게 뻗은 차량 전면부에는 국내 최대 345리터 용량의 대형 수납공간 ‘e-트렁크’를 마련해 풀사이즈 전기 SUV만이 구현할 수 있는 새로운 공간 활용성을 제시한다.
외장 색상은 △블랙 레이븐, △화이트 샌드스톤, △블랙 체리 틴트코트, △루나 메탈릭, △바이블런트 화이트 트리코트, △딥 스페이스 메탈릭 등 6가지로 구성되며, 블랙 컬러를 제외한 모델에는 투톤 블랙 루프가 기본 적용된다.
에스컬레이드 IQ는 GM의 최신 전기차 전용 아키텍처를 기반으로 GM과 LG에너지솔루션(373220)의 합작사인 얼티엄 셀즈(Ultium Cells LLC)에서 생산한 205kWh 대용량 배터리를 탑재해 국내 최장 1회 충전 주행가능 거리 739km(복합 기준, 도심 776km, 고속 692km)를 인증 받았다. 또한, 800V 초급속 충전 시스템이 적용되어 최대 350kW의 충전 속도를 지원하며, 10분 충전으로 최대 188km까지 주행이 가능하다.
배터리와 최적의 조합을 이룬 듀얼 모터 AWD 시스템은 최대출력 750마력(벨로시티 모드 적용 시), 최대토크 108.5kg·m의 압도적인 성능을 발휘하고, 주행 상황에 따라 전·후륜의 구동력을 지속적으로 조절해 주행 효율성과 안정성을 극대화한다.
에스컬레이드 IQ에는 GM의 핸즈프리 운전자 보조 시스템(ADAS) ‘슈퍼크루즈’가 국내 최초로 적용된다. 현재 국내 약 2만3000km의 고속도로 및 주요 간선도로에서 사용 가능한 슈퍼크루즈는 운전자가 전방을 주시한(Eyes On) 상태에서 스티어링 휠에서 손을 떼고 주행할 수 있는 ‘핸즈프리 드라이빙’을 구현한다. 특히, 교통 흐름을 감지해 차량 간 거리를 유지하고 상황에 따라 자동으로 차선을 변경하는 등 새로운 차원의 주행 경험을 선사한다.
이에 더해, 지난해부터 시작된 캐딜락 온스타 서비스와의 연동을 통해 원격 시동, 배터리 상태를 포함한 차량 정보 확인, OTA(Over-the-Air) 업데이트 등 다양한 원격 제어 기능을 지원해 차량의 사용성과 디지털 경험을 지속적으로 확장하는 점이 특징이다.
완전히 새로워진 에스컬레이드 IQ의 실내는 탑승자를 감싸는 몰입형 럭셔리 경험을 제공한다. 대시보드 전면을 가로지르는 필라 투 필라(Pillar-to-Pillar) 55인치 커브드 LED 디스플레이를 통해 운전과 인포테인먼트 정보를 직관적으로 전달한다. 여기에 1열과 2열을 가로 지르는 파노라마 고정식 글라스 루프(Full-Glass Roof)와 드라이브 모드에 따라 유기적으로 반응하는 LED 앰비언트 라이트는 개방감을 극대화하고 실내의 모든 요소들이 감성적으로 연결되도록 돕는다.
현대 건축에서 영감을 받은 플로팅 캔틸레버 콘솔은 공중에 떠 있는 듯한 구조미로 시각적 여유를 선사하며, 하단의 콘솔 내장형 냉장고는 운전석과 조수석 양쪽에서 각각 열 수 있는 이중 도어 구조를 적용해 사용 편의성을 높였다. 럭셔리 소재와 재활용 원사를 활용한 인테리어 소재, 레이저 가공된 도어 패널과 디테일이 가미된 마감은 지속 가능한 럭셔리의 방향성을 제시하면서도 감각적 만족과 실용성을 동시에 제공한다.
또한 액티브 노이즈 캔슬레이션과 전기차 사운드 향상 기술이 결합된 ‘통합 소음 관리 시스템’은 차량 각 모서리에 장착된 가속도 센서, 페달 위치, 차량 속도, 토크, 운전 모드, 실내 마이크 등의 다양한 실시간 데이터를 활용해 불필요한 소음을 상쇄하거나 마스킹하고, 주행 상황에 따른 사운드를 오디오 스피커로 구현해 탑승자들이 언제나 자연스럽고 섬세한 주행 감각을 느낄 수 있도록 한다.
에스컬레이드 IQ는 국내에 프리미엄 스포츠 단일 트림으로 출시되며, 판매 가격은 2억 7757만 원(개별소비세 3.5% 포함 기준)이다.",이데일리,1시간 전
광주 미래차소부장단지 '자율주행실증 구축·연구·인력양성' 성과,https://n.news.naver.com/mnews/article/003/0013606205?sid=102,"2023년 특화단지 지정…2028년 미래차 핵심기술 완성
[광주=뉴시스] 광주  미래차소부장특화단지 조성사업. (사진=광주시청 제공). photo@newsis.com *재판매 및 DB 금지
[광주=뉴시스]  류형근 기자 = 광주에 조성되고 있는 미래자동차 소재·부품·장비(미래차소부장) 특화단지가 2년 차에 접어들며 자율주행 인증 기반 구축에 속도를 내고 있다.
광주시는 광주미래차모빌리티진흥원과 함께 전북 변산 소노벨에서 '2025년 미래차 소부장 특화단지 통합 보고회'를 열고 2년간의 성과를 공유했다고 18일 밝혔다.
광주 미래차소부장단지는 2023년 7월 산업부 공모에서 자율주행 부품 분야 '특화단지'로 지정됐다.
광주시는 2028년까지 진곡산단(부품 생산), 빛그린국가산단(인증·완성차), 미래차국가산단(실증)을 연계한 약 708만㎡(220만평) 규모의 미래차산업 삼각벨트를 조성해 통합제어·인지·제어·통신 등 핵심기술 국산화를 앞당길 계획이다.
'자율주행 안전 성능평가 인증지원센터'는 9월 30일 착공했으며 내년 12월 준공될 예정이다. 광주시는 자율주행 검증장비를 지난해 5종, 올해 6종 구축한 데 이어 내년 10종을 추가해 총 21종 규모로 시험·평가·인증 기반시설로 활용할 계획이다.
참여 기업들의 핵심 기술 연구개발(R&D) 성과도 공유됐다.
에스오에스랩은 오염과 악천후에서도 안정적으로 인지 가능한 엣지 임베디드 모듈(윈드쉴드)을 개발했고 DH오토리드는 노면 반력 모사 액추에이터와 안전성을 위한 이중화 전원시스템 등 핵심 구성요소를 개발했다. 에니트는 차량과 교통 인프라가 정보를 교환하는 로드사이드 유닛(RSU) 1차 시제품을 제작했다.
광주산학융합원은 지역 기업의 인력 수요에 대응하기 위해 자율주행차 부품기업 재직자를 대상으로 특화 교육과 연구개발 전문 교육 프로그램을 운영했다. 이를 통해 올해 말까지 200여 명의 수료생을 배출할 예정이며 산학연 연계 현장형 심화교육 등 기업 맞춤형 교육을 지속 확대할 방침이다.
이동현 미래차산업과장은 ""미래차소부장특화단지가 자율주행 인증 기반 구축, 핵심기술 연구개발, 인력양성 등 3개 분야에서 성과를 거뒀다""며 ""국정과제로 반영된 AI모빌리티 국가 시범도시 조성사업과 연계해 지역 기업들이 미래차 시장에서 경쟁력을 확보할 수 있도록 적극 지원하겠다""고 말했다.",뉴시스,1일 전
[K-VIBE] 정광복의 K-자율주행도전기…딥러닝과 파운데이션 모델의 진화,https://n.news.naver.com/mnews/article/001/0015750521?sid=101,"편집자 주
= 한국국제교류재단(KF)의 지난해 발표에 따르면 세계 한류 팬은 약 2억2천500만명에 육박한다고 합니다. 또한 시간과 공간의 제약을 초월해 지구 반대편과 동시에 소통하는 '디지털 실크로드' 시대도 열리고 있습니다. 바야흐로 '한류 4.0'의 시대입니다. 연합뉴스 동포·다문화부 K컬처팀은 독자 여러분께 새로운 시선으로 한국 문화를 바라보는 데 도움이 되고자 전문가 칼럼 시리즈를 준비했습니다. 시리즈는 주간으로 게재하며 K컬처팀 영문 한류 뉴스 사이트 K바이브에서도 영문으로 보실 수 있습니다.
정광복 자율주행기술개발혁신사업단장
[자율주행기술개발혁신사업단 제공]
2010년대, 인공지능(AI) 연구는 딥러닝의 발달로 새로운 전기를 맞았다. 2012년 이미지넷 대회에서 등장한 '알렉스넷'(AlexNet)은 컴퓨터가 이미지를 뛰어난 정확도로 인식하도록 만들며 AI 분야의 패러다임을 바꿨다.
초기 딥러닝은 이미지, 음성 등 개별 데이터를 처리하는 데 강점을 보였고, 자연어처리도 제한된 범위에서만 구현됐다. 2017년 구글의 연구진이 발표한 '트랜스포머'(Transformer) 구조는 AI가 데이터 간의 관계와 맥락을 동시에 이해하도록 설계해, 이후 인공지능의 발전 속도를 혁명적으로 끌어올렸다.
이 기술은 이후에 나온 버트(BERT, Bidirectional Encoder Representations from Transformers, 2018년 구글에서 개발한 자연어 처리 딥러닝 모델), GPT-2, GPT-3 등 초대형 언어 모델에 확산했고, '스케일링 법칙'에 따라 모델의 크기를 키울수록 탁월한 성능 향상이 가능하다는 사실이 밝혀졌다.
2021년 스탠퍼드 대학은 '파운데이션 모델'(Foundation Model)이라는 개념을 최초로 정의했다. 이것은 대용량 데이터로 선행 학습을 거친 뒤, 여러 분야에 활용될 수 있도록 설계된 거대 AI다. GPT-4, 달리(DALL-E) 등 오늘날 세계적인 언어, 영상 생성형 AI가 모두 이 패러다임의 산물이다.
2022~2025년에는 이미지, 소리, 영상, 텍스트 등 다양한 정보를 한꺼번에 다루는 '멀티모달'(Multi-modal) 파운데이션 모델로 발전하며, 기술의 응용 범위와 능력이 비약적으로 확대되고 있다.
모듈식 자율주행의 한계와 패러다임 전환
자율주행차 분야에서 파운데이션 모델은 이미지 인식 소프트웨어의 기능만을 하는 게 아니다. 전통적인 자율주행 시스템은 센서(카메라, 라이다, 레이더 등), 인지, 예측, 주행계획, 제어 등 단계별 모듈을 별도로 구축했다.
이 방식은 단계와 부품이 많아질수록 정보 손실과 오작동 위험이 늘고, 예기치 못한 복잡한 도심 환경에서는 누적된 미세오차가 치명적 안전 문제로 이어진다. 규칙·경험 기반의 설계 탓에 예외 상황이나 지리적 확장성 문제가 늘 반복적으로 나타났다.
이러한 계층화 구조의 한계를 해결하기 위해 테슬라, 구글 웨이모, 화웨이 등 글로벌 선두 기업들은 2024~2025년부터 파운데이션 모델 기반 'E2E'(End-to-End) 자율주행 시스템 개발에 박차를 가하고 있다. 파운데이션 모델은 운전 데이터, 시뮬레이션, 다양한 센서 정보를 통합해 스스로 학습하며, 인간이 일일이 규칙을 입력하지 않아도 미지의 도로와 상황에 빠르게 적응한다.
모델은 데이터 수집과 시뮬레이션 반복 경험을 통해 확장성, 비용 효율성, 환경 적응성을 동시에 획득한다.
파운데이션 모델의 실제 역할과 작동 원리
파운데이션 모델은 도로의 사물을 인식(자동차, 보행자, 신호 등), 주변 움직임을 예측(위치·속도 변화 및 행동 패턴 분석), 그 데이터로 현재와 미래의 환경을 일관적으로 파악한다. 트랜스포머 기반 아키텍처와 영상·텍스트·센서 융합모델(Multi-modal Transformer)은 여러 초(秒)에 걸친 연속 정보를 해석하면서 '어떤 상황이 중요한가', '무엇을 봐야 하는가'를 판단한다.
최근에는 3D 뉴럴 필드(NeRF, Neural Radiance Fields, 3D 장면을 생성하고 렌더링하기 위한 신경망 기반의 컴퓨터 비전 기술로 2D 이미지를 즉시 3D로 바꿔줌)로 공간을 재구성하고, 시뮬레이션 기반 강화학습 기법으로 현실과 가상 환경을 모두 학습한다.
미래 예측 능력이 핵심으로 부상했다. 차량·보행자·도심 상황의 변화, 날씨(폭우, 안개, 폭설), 돌발환경(공사, 응급차)에까지 빠르게 적응해야 하기 때문이다.
이런 모델은 관찰만을 하는 데 그치지 않는다. 인지와 예측에서 도출한 정보를 바탕으로 조향, 속도·감속, 차선 변경·정지 등 실제 제어(운전 행위)까지 '하나의 거대한 신경망'이 통합적으로 담당한다.
테슬라의 'FSD'(Full Self-Driving, 완전자율주행모드), 웨이모의 'End-to-End 동작' 정책, 화웨이의 'General Decision Model' 등이 대표적이다.
마치 GPT가 문맥에 따라 다음 단어를 자동 선택하듯, 자율주행 파운데이션 모델은 '다음 행동', 즉 실시간 움직임 결정을 함축적으로 계산한다. 운전자의 직접 입력이나 정해진 규칙 대신, 데이터와 경험 기반 '실행적 추론'을 구현하는 셈이다. 이 과정에서는 시뮬레이터 기반의 대규모 주행 데이터 학습 및 '테스트 타임 적용' 방식의 실시간 미세조정도 적용된다.
이는 지역·환경·계절에 관계없이 자율주행차의 확장성과 안전성을 높이는 데 중요한 기술적 자산이다.
2025년, 파운데이션 모델의 가치와 한계
2025년 현재, 미국·중국·한국 등 주요국에서는 레벨3(조건부 자율주행) 상용화가 현실이 됐으며, 샌프란시스코·피닉스·상하이 등에서는 레벨4(완전 자율형 로보택시 서비스)가 운행되고 있다. 세계적으로 자율주행차의 80% 이상이 E2E 및 파운데이션 모델 탐색, 다국어 멀티모달 이해, 'V2X'(Vehicle-to-Everything, 차량이 주변의 다른 차량, 인프라, 보행자, 네트워크 등과 무선 통신으로 정보를 교환하는 기술) 통신 기반 AI 시스템을 도입 중이다.
동시에 안전성 검증, 악천후 환경, 윤리·책임 소재·법제도, 데이터 편향성, 인공지능 해석 성향 등 여러 과제도 남아 있다. 엔비디아·웨이모·테슬라 등은 '롱테일 현상(희귀케이스 대응)', '실시간 에이전트 협업', 'AI와 클라우드 연동' 등 해결책을 고도화하는 중이다.
전문가들은 향후 5~10년 이내에 센서·AI·IT 인프라의 융합고도화와 함께, 파운데이션 모델 기반 자율주행이 산업 교통, 물류, 공유 차량, 로보택시, 도시 인프라를 혁명적으로 변화시킬 것이라 내다본다. 다만, 완전한 자율주행(레벨5)은 2030년대 중후반 이후로 전망한다.
파운데이션 모델은 자율주행차의 두뇌이자, 데이터·규칙·책임을 통합하는 뉴 패러다임의 인공지능이다. 미래 교통 시스템의 안전과 혁신, 그리고 인간·도시와 기계가 공존하는 새로운 연결의 질서를 완성하는 기술적·사회적 고리임은 분명하다.
정광복 자율주행기술개발혁신사업단(KADIF) 단장
▲ 도시공학박사(연세대). ▲ 교통공학 전문가·스마트시티사업단 사무국장 역임. ▲ 연세대 강사·인천대 겸임교수 역임. ▲ 서울시 자율주행차시범운행지구 운영위원. ▲ 한국도로공사 고속도로자율주행 자문위원. ▲ 강릉 ITS 세계총회 조직위 위원.
<정리 : 이세영 기자>
seva@yna.co.kr",연합뉴스,3시간 전
"네이버,자율주행로봇 '루키2'로 사우디·일본 공략 나선다",https://n.news.naver.com/mnews/article/030/0003371464?sid=101,"팀네이버 통합 컨퍼런스 단25(DAN25)가 지난 6일 서울 강남구 코엑스에서 열렸다. 행사장에 네이버 로봇의 서점용 로봇 '어라운드B'(왼쪽부터), 가이드 로봇 '어라운드G', 카페로봇 '어라운드C', 서비스 로봇 '루키', '루키2'가 전시되어 있다.  이동근기자 foto@etnews.com
네이버가 자율주행을 기반으로 한 서비스 로봇인 '루키2'를 앞세워 사우디아라비아와 일본 시장을 공략한다. 로봇 인텔리전스 시스템 '아크(ARC)'를 공급하면서 글로벌에 최적화된 스펙을 갖춘 루키2를 레퍼런스 모델로 선보이는 방식이다.
18일 업계에 따르면 네이버는 클라우드 기반으로 로봇을 제어하는 아크 시스템을 일본과 사우디에 공급하기 위해 현지 기업들과 논의 중이다. 일본 최대 통신기업인 NTT동일본, 사우디아라비아 국부펀드 산하 뉴 무라바 개발회사가 주요 협력 대상이다.
네이버는 올 상반기 NTT동일본, 미쓰이부동산과 협약을 맺고 일본 도쿄의 야에스 빌딩에 아크 시스템과 로봇 딜리버리 서비스를 테스트했다. 이 기업들과 추가로 협력 확대 방안을 논의 중이다.
또 사우디가 추진 중인 '뉴 무라바 프로젝트'에서도 아크 시스템 실증을 추진한다.
아크 시스템은 인공지능(AI)·로봇(Robot)·클라우드(Cloud) 기술을 융합한 멀티 로봇 인텔리전스 시스템이다. 로봇의 '두뇌' 역할을 클라우드가 대신해 수많은 로봇을 동시에 효율적으로 제어하고 관리한다.
네이버는 아크 시스템의 레퍼런스 모델로 '루키2'를 내세울 계획이다. 루키2는 네이버가 개발한 자율주행 기반 서비스 로봇으로, 지난 6일 열린 '단 25(DAN 25)'에서 처음으로 공개됐다. 네이버 제2사옥인 1784 내에서 커피 배달 등 업무를 수행하는 서비스 로봇 '루키1'과 비교해 글로벌 시장에 최적화 된 하드웨어 스펙·시스템을 갖춘 점이 특징이다.
구체적으로 루키2는 한국어·일본어·영어를 포함한 다국어를 지원한다. 각국의 제품·통신 인증을 충족한다. 일본의 재난 대응 모드처럼 국가별 요구에도 대응하는 스펙을 갖췄다. 경량화된 파운데이션 모델을 적용한 온보드 인공지능(AI) 구현해 5세대(G) 이동통신이 아닌 환경에서도 동작한다.
네이버 관계자는 “루키2는 설계할 때부터 세계 어느 국가에 수출 되더라도 인증을 충족하도록 글로벌 시장을 타깃으로 만들었다”고 설명했다.
네이버는 아크 시스템을 공급하면서 다른 제조사의 로봇도 연계할 수 있도록 구성했다. 자체 개발한 운용체계(OS) 아크 마인드를 적용하면, 다른 제조사의 로봇이라도 아크 시스템 안에서 작동할 수 있다. 올해 상반기 스위스 로봇 스타트업 '리버(RIVR)'의 사족 보행 로봇에 아크 아이를 탑재하는 실험을 진행하기도 했다.
네이버가 로보틱스 사업을 앞세워 글로벌 시장을 효과적으로 공략할 지 주목된다. 로봇 시스템은 최근 주목받고 있는 피지컬 AI를 구현할 핵심으로 주목받는다. 네이버는 이달 말 메사추세츠공과대(MIT)와 공동개발한 휴머노이드인 '미니노이드'를 1784에서 테스트하는 등 아크 시스템 고도화를 위한 실험도 이어갈 계획이다.",전자신문,2면 3단
"자율주행순찰로봇이 스마트시티 지킨다…뉴빌리티, 부산서 실증",https://n.news.naver.com/mnews/article/008/0005280092?sid=101,"[이 기사에 나온 스타트업에 대한 보다 다양한 기업정보는 유니콘팩토리 빅데이터 플랫폼
'데이터랩'
에서 볼 수 있습니다.]
부산 스마트시티에서 자율주행중인 순찰로봇 뉴비 /사진=뉴빌리티 제공
지능형 로봇 서비스 플랫폼 기업
뉴빌리티
가 스마트시티부산과 업무협약을 맺고 '부산 에코델타 스마트시티 국가시범도시 조성 사업'에서 자율주행 순찰로봇 도입을 위한 실증을 추진한다고 19일 밝혔다.
이 사업은 국토교통부와 한국수자원공사가 주관하는 국내 최대 규모의 스마트시티 조성 사업이다. 사업 기간은 구축 5년·운영 10년을 포함한 15년(2039년)이며, 공공·민간 부문이 공동 출자해 설립한 스마트시티부산이 총괄하고 있다.
실외 자율주행 배달로봇으로 시작한 뉴빌리티는 2023년부터 순찰·보안 영역으로 기술을 확장했다. 민간에서 검증한 실외 순찰로봇을 부산 국가시범도시의 인프라와 연계하고, 향후 다양한 민간 개발사업으로 확장 가능한 모델을 확보한다는 계획이다.
뉴빌리티의 순찰로봇은 실외 운행용으로 설계돼 비·눈·안개, 야간처럼 조건이 나쁜 환경에서도 안정적인 주행이 가능하다. 또 AI 기반 이상행동 및 위험 상황 감지 △실시간 영상 송출 △원격 관제 기능 등을 갖췄다.
부산시는 이를 디지털·안전 시스템과 연동해 범죄 취약구역 모니터링, 야간 보행 안전 확보, 공원·수변 공간 순찰 등 시민 체감형 서비스로 확장해 나갈 계획이다.
이상민 뉴빌리티 대표는 ""실외 순찰·보안로봇을 실제 현장에서 운영하며 시장에서 사업성과 기술력을 동시에 증명해 왔다""며 ""스마트시티부산과 함께 이 모델을 전국 지방자치단체와 다양한 민간 개발사업으로 확산해 나가겠다""고 했다.
이계형 스마트시티부산 대표는 ""이번 실증은 기술 시연을 넘어 실제 시민 생활 속에서 작동할 수 있는 도시형 로봇 서비스 모델을 만드는 과정""이라며 ""로봇과 AI 기술은 미래도시 생활의 핵심 인프라가 될 것""이라고 말했다.
[머니투데이 스타트업 미디어 플랫폼
'유니콘팩토리'
]",머니투데이,5시간 전
"AI 기반자율주행로봇 솔루션 클로봇, 3분기 누적 연결 매출 39%↑",https://n.news.naver.com/mnews/article/138/0002209892?sid=105,"영업손실·당기순손실 각각 46%, 59% 개선
[사진=클로봇]
[디지털데일리 이나연 기자] 인공지능(AI) 기반 자율주행 로봇 솔루션 전문 기업 클로봇이 올해 3분기 누계 연결 기준 매출액 235억원을 기록했다고 18일 밝혔다.
이는 전년 동기 대비 39% 증가한 수치다. 같은 기간 영업손실과 당기순손실은 각각 45억원, 32억원이다. 전년과 비교해 약 46%, 59% 개선됐다. 회사의 실적 개선은 서비스 로봇, 필드 로봇, 물류 로봇의 사업부의 고른 성장과 로봇 하드웨어 소싱을 주요 사업으로 영위하는 자회사 로아스의 동반 성장에 따른 것으로 평가된다.
산업 자동화 확대와 함께 로봇 도입이 급증하는 가운데 로아스는 20여개 이상의 글로벌 로봇 제조사들과 협력해 다양한 분야에 로봇 하드웨어들을 공급 중이다.
서비스 로봇 사업부는 안내 로봇 분야 국내 시장 점유율 1위를 꾸준히 유지하고 있다. 청소 로봇 부문에서도 RaaS(로봇 구독형 서비스) 수익 창출 모델을 더해 안정적인 매출 기반을 확보해 서비스 로봇 사업의 수익 구조를 강화하고 있다.
필드 로봇 사업부는 보스턴 다이나믹스와의 전략적 파트너십 강화를 통해 ‘4족 보행 로봇 SPOT’ 국내 시장 도입 및 확대를 주도하고 있다.
특히 노란봉투법(중대재해처벌법 등)의 안전 규제 강화로 인해 고위험 산업 현장에서 순찰·감시 로봇의 수요가 급증할 것으로 보인다. 포스코·고려아연 등 주요 기업 현장 적용 사례를 확보하며 시장 신뢰도를 높이고 있다. 물류 로봇 사업부는 독자 개발한 자율주행 엔진 ‘카멜아이’를 기반으로 사업을 넓혀가고 있다.
카멜아이 기술은 AI 기반의 센싱·판단·제어 기술을 통해 로봇의 자율 주행 성능을 한 단계 높인 핵심 기술이다. 물류 현장과 국내 반도체 대기업 생산 라인에서 진행된 기술 검증(PoC) 테스트를 완료하며 상용화 가능성을 입증했다.
클로봇은 올해 휴모노이드사업실을 신설해 차세대 로봇 시대를 이끌 핵심 기술인 ‘피지컬 AI’를 집중 육성하고 있다. 현장 로봇 운영을 통해 축적된 데이터를 기반으로 54억원 규모의 피지컬 AI 국가 과제를 주도하고 있다.
중국 휴머노이드 선도기업과 협력해 국내 휴머노이드 로봇 도입을 확대하는 동시에 사람처럼 환경 인식과 스스로의 사고 과정 및 판단, 행동에 이르는 완전 기술 고도화에 속도를 내고 있다.
클로봇은 글로벌 AI 분야의 최대 연구 기관인 미국 카네기멜런대학교(CMU)의 오혜진 교수가 이끄는 로봇 AI 연구팀과 대형 연구개발(R&D) 프로젝트도 진행하고 있다.
클로봇은 “3분기 실적은 자사 AI 로봇 기술력이 시장에서 자리 잡고 있음을 증명하는 결과”라며 “단기 성과에 안주하지 않고 ‘피지컬 AI’ 등 핵심 기술에 대한 투자를 지속해 글로벌 로봇 소프트웨어 플랫폼 기업으로 도약하겠다”라고 말했다.",디지털데일리,1일 전
"GM·테슬라,자율주행韓 상륙…현대차·기아 대응책은?",https://n.news.naver.com/mnews/article/003/0013606974?sid=101,"美 브랜드, 한국 내 자율주행 시스템 출시 시동
GM 슈퍼크루즈, 테슬라 FSD…운전자 감독형
공세에도 현대차·기아는 SDV 전환에 속도낼 듯
무리한 도입보단 안정성과 완성도 확보에 방점
[서울=뉴시스] 테슬라 차량이 완전자율주행(FSD) 기능을 통해 국내 실도로를 시험주행하는 모습. (사진=테슬라코리아 X 갈무리) 2025.11.12 photo@newsis.com *재판매 및 DB 금지
[서울=뉴시스]박현준 기자 = 미국 완성차 브랜드가 잇달아 자율주행 기술의 국내 도입을 예고하며 한국 자동차 시장이 새로운 국면을 맞고 있다. 기술 경쟁이 본격화하면서 현대차·기아의 대응 전략에도 관심이 쏠린다.
18일 업계에 따르면 제너럴모터스(GM)와 테슬라는 미국과 중국 등 핵심 국가에 이어 한국을 자율주행 기술 도입국으로 택했다. 국내 소비자들이 기술 수용에 적극적이고, 전동화도 빠르게 확산되고 있는 것이 영향을 줬다.
GM은 이달 중순 출시 예정인 캐딜락 플래그십 전동화 스포츠실용차(SUV) 에스컬레이드 IQ에 국내 최초로 핸즈프리 운전자 보조 시스템 '슈퍼크루즈'를 탑재한다.
테슬라도 최근 사이버트럭에 완전자율주행(FSD) 감독형 한국 출시를 예고하며 정면 승부에 나선다.
다만 국내에서 판매 중인 3세대 하드웨어(HW3) 기반 차량과 중국 생산 차량은 적용 시점이 아직 불투명하다.
두 시스템은 운전자가 자리를 지키고 주행 상황을 지속적으로 감시해야 한다는 공통점이 있다. 사고 시 책임도 운전자에게 돌아간다.
이 때문에 일각에서는 이를 온전한 자율주행이라기보다 운전자가 모든 상황을 관리해야 하는 '고도화된 운전자 보조' 수준으로 보는 평가도 있다.
미국 브랜드의 공세는 국내 완성차 업계에도 적지 않은 자극을 주고 있다. 소비자들의 기술 기대치가 높아지면서 완성차 경쟁의 중심축이 하드웨어에서 소프트웨어 구조로 빠르게 이동하고 있기 때문이다.
[서울=뉴시스] 정병혁 기자 = 지난 3월28일 서울 강남구 코엑스에서 열린  현대차그룹 개발자 콘퍼런스 '플레오스(Pleos) 25'에서 참관객들이 SDV(Software-defined Vehicle, 소프트웨어를 중심으로 진화하는 자동차)의 주요 제어기 전시물을 살펴보고 있다. 2025.03.28. jhope@newsis.com
현대차·기아는 GM과 테슬라의 압박에도 자율주행 기능 확대를 서두르지 않을 것으로 보인다.
대신 내년부터 본격화할 소프트웨어 중심 차량(SDV) 전환을 기반으로 인포테인먼트와 차량 운영체계의 경쟁력을 높이는 데 집중할 전망이다.
현대차는 2026년 '플레오스 커넥트'가 적용된 첫 SDV 차량 출시를 예고하고 있으며, 이를 기점으로 소프트웨어 중심의 제품 전략을 강화할 계획이다.
자율주행 기능은 2027년 레벨 2+ 기술을 양산차에 적용하는 수준에서 단계적으로 확대할 전망이다. 레벨 2+는 부분 자율주행(레벨2)보다 자동화 범위와 상황 대응 능력이 확장된 단계다.
업계에서는 이러한 전략이 장기적인 차별화 포인트가 될 것으로 보고 있다. 자율주행 규제와 책임 구조가 아직 명확하지 않은 상황에서 무리한 도입보다 안정성과 완성도 확보가 우선이라는 것이다.
업계 관계자는 ""감독형 자율주행은 마케팅 효과는 크지만 실제 활용 범위는 제한적이다""며 ""국내 완성차가 SDV 전환에 집중하는 전략은 장기적으로 기술 경쟁력을 확보하는 데 더 유리할 것""이라고 말했다．",뉴시스,23시간 전
"웨이모, 2026년 텍사스·플로리다로 로보택시 서비스 대폭 확대 [종목+]",https://n.news.naver.com/mnews/article/015/0005213160?sid=104,"2020년 이후 1000만 건 이상 유료 서비스
뉴욕과 도쿄서 시범 주행
사진=AP
알파벳 산하 자율주행 기업 웨이모가 내년 텍사스와 플로리다 주요 도시에서 로보택시 서비스를 본격 확대한다.
웨이모는 18일(현지시간) 성명을 내고 댈러스, 휴스턴, 샌안토니오, 마이애미, 올랜도에서 향후 몇 주 내로 운전 보조 인력 없이 완전 자율주행 차량 운영을 시작할 것이라고 밝혔다. 이들 지역에서는 2026년 중 정식 로보택시 서비스가 개시된다.
사스와트 파니그라히 웨이모 최고제품책임자(CPO)는 “웨이모가 상업적 확장의 새로운 단계에 들어섰다”며 “사람이 동승하지 않는 도시의 수를 두 배로 늘리게 됐다”고 말했다.
웨이모는 이미 샌프란시스코, 애틀랜타, 피닉스, 오스틴, 로스앤젤레스에서 유료 로보택시 서비스를 운영 중이다. 회사는 지난 5월 기준, 2020년 서비스 시작 이후 1000만 건 이상의 유료 승차 서비스를 제공했다고 밝혔다.
웨이모는 기존에 발표했던 댈러스, 마이애미 외에 이번에 처음으로 휴스턴·샌안토니오·올랜도를 내년 서비스 지역으로 추가했다. 초기에는 직원들에게 완전 자율주행 차량을 제공한 뒤, 순차적으로 일반 승객으로 확대할 예정이다.
웨이모는 2026년을 로보택시 사업 확대의 전환점으로 삼고 있다. 디트로이트, 라스베이거스, 내슈빌, 샌디에이고, 워싱턴DC, 런던 진출 계획도 발표했다. 뉴욕과 도쿄에서는 시험 주행을 하고 있다.
지난주에는 샌프란시스코, 피닉스, LA 지역에서 고속도로 구간 자율주행 서비스를 개시하며 영역을 넓히고 있다.
한편 같은 날, 아마존 산하 자율주행 로보택시 회사 주크스는 샌프란시스코에서 선택된 이용자들에게 무인 자율주행차 호출 서비스 제공을 시작했다. 샌프란시스코는 주크스가 라스베이거스에 이어 서비스 중인 두 번째 도시이며, 두 지역에 총 50대 규모의 로보택시 차량을 배치한 상태다.
뉴욕=박신영 특파원 nyusos@hankyung.com",한국경제,4시간 전
